canonical_afm	verdict	registry_spelling	times_seen	curated_json_name	suggested_display	your_display_name	notes
031000379	accepted	ΔΑΣΙΚΟΣ ΣΥΝΕΤΑΙΡΙΣΜΟΣ ΕΡΓΑΣΙΑΣ ΚΟΥΡΚΟΥΛΩΝ ΕΥΒΟΙΑΣ	1	ΔΑΣΙΚΟΣ ΣΥΝΕΤΑΙΡΙΣΜΟΣ ΕΡΓΑΣΙΑΣ ΚΟΥΡΚΟΥΛΩΝ ΕΥΒΟΙΑΣ	ΔΑΣΙΚΟΣ ΣΥΝΕΤΑΙΡΙΣΜΟΣ ΕΡΓΑΣΙΑΣ ΚΟΥΡΚΟΥΛΩΝ ΕΥΒΟΙΑΣ		
090023568	accepted	ΔΑΣΕ ΠΗΛΙΟΥ	3	ΔΑ.Σ.Ε. Πηλίου	ΔΑΣΕ ΠΗΛΙΟΥ		
090023568	accepted	ΔΑ.Σ.Ε. ΠΗΛΙΟΥ	1				
090023568	accepted	ΔΑ.Σ.Ε. Πηλίου	1				
090273987	accepted	ΔΑΣΕ Ο.Υ.Κ. ΔΗΜΟΥ ΚΑΣΤΟΡΙΑΣ	3	ΔΑΣΕ Ο.Υ.Κ. ΔΗΜΟΥ ΚΑΣΤΟΡΙΑΣ	ΔΑΣΕ Ο.Υ.Κ. ΔΗΜΟΥ ΚΑΣΤΟΡΙΑΣ		
090273987	accepted	Α.ΔΡΟΣΟΣ & ΣΙΑ Ο.Ε	1				
090273987	accepted	ΔΑΣΕ ΠΕΥΚΟΦΥΤΟΥ ΝΕΣΤΟΡΙΟΥ	1				
090273987	accepted	ΔΑΣΕ ΣΙΔΗΡΟΝΕΡΟΥ Η ΟΜΟΝΟΙΑ	1				
090273987	accepted	ΔΕΘ-HELEXPO Α.Ε.	1				
090273987	accepted	ΙΩΑΝΝΗΣ ΚΑΛΟΓΗΡΟΣ	1				
090273987	accepted	ΤΟΦΕΑ Χ. ΑΝΑΣΤΑΣΙΑ	1				
096000173	accepted	ΈΝΩΣΗ ΔΑΣΙΚΩΝ ΑΓΡΟΤΙΚΩΝ ΣΥΝΕΤΑΙΡΙΣΜΩΝ ΕΥΒΟΙΑΣ	3	Ένωση Δασικών Αγροτικών Συνεταιρισμών Εύβοιας	ΈΝΩΣΗ ΔΑΣΙΚΩΝ ΑΓΡΟΤΙΚΩΝ ΣΥΝΕΤΑΙΡΙΣΜΩΝ ΕΥΒΟΙΑΣ		
096000173	accepted	Ένωση Δασικών Αγροτικών Συνεταιρισμών Εύβοιας	1				
096033500	accepted	ΔΑΣΕ ΦΩΤΕΙΝΩΝ	21	ΔΑΣΕ ΦΩΤΕΙΝΩΝ ΠΙΕΡΙΑΣ	ΔΑΣΕ ΦΩΤΕΙΝΩΝ		
096033500	accepted	ΔΑΣΕ ΦΩΤΕΙΝΩΝ ΠΙΕΡΙΑΣ	1				
096033548	accepted	ΔΑΣΕ ΑΓΙΟΥ ΔΗΜΗΤΡΙΟΥ	14	ΔΑΣΕ ΑΓΙΟΥ ΔΗΜΗΤΡΙΟΥ ΠΙΕΡΙΑΣ	ΔΑΣΕ ΑΓΙΟΥ ΔΗΜΗΤΡΙΟΥ		
096033548	accepted	ΔΑΣΕ ΑΓΙΟΥ ΔΗΜΗΤΡΙΟΥ ΠΙΕΡΙΑΣ	2				
096033689	accepted	ΔΑΣΕ ΣΟΥΦΛΙΟΥ	8	ΔΑΣΕ ΣΟΥΦΛΙΟΥ	ΔΑΣΕ ΣΟΥΦΛΙΟΥ		
096033690	accepted	ΔΑΣΕ ΜΕΓΑΛΟΥ ΔΕΡΕΙΟΥ	70	ΔΑΣΙΚΟΣ ΣΥΝΕΤΑΙΡΙΣΜΟΣ ΕΡΓΑΣΙΑΣ ΜΕΓΑΛΟΥ ΔΕΡΕΙΟΥ	ΔΑΣΕ ΜΕΓΑΛΟΥ ΔΕΡΕΙΟΥ		
096033690	accepted	ΔΑΣΙΚΟΣ ΣΥΝΕΤΑΙΡΙΣΜΟΣ ΕΡΓΑΣΙΑΣ ΜΕΓΑΛΟΥ ΔΕΡΕΙΟΥ	1				
096033733	accepted	ΔΑΣΕ ΣΙΔΗΡΟΥ	10	ΔΑΣΕ ΣΙΔΗΡΟΥ	ΔΑΣΕ ΣΙΔΗΡΟΥ		
096033929	accepted	ΔΑΣΕ ΩΡΑΙΟΥ	17	"ΔΑΣΕ: ""ΩΡΑΙΟΥ"""	ΔΑΣΕ ΩΡΑΙΟΥ		
096033929	accepted	"ΔΑΣΕ ""ΩΡΑΙΟΥ"""	5				
096033929	accepted	"ΔΑΣΕ""ΩΡΑΙΟΥ"""	1				
096033929	accepted	"ΔΑΣΕ: ""ΩΡΑΙΟΥ"""	1				
096033929	accepted	ΔΑΣΕ: ΩΡΑΙΟΥ	1				
096033966	accepted	ΔΑΣΕ ΒΟΡΕΙΟΣ ΗΠΕΙΡΟΣ	17	"ΔΑΣΕ: ΒΟΡΕΙΟΣ¨""ΗΠΕΙΡΟΣ"""	ΔΑΣΕ ΒΟΡΕΙΟΣ ΗΠΕΙΡΟΣ		
096033966	accepted	"ΔΑΣΕ: ΒΟΡΕΙΟΣ""ΗΠΕΙΡΟΣ"""	4				
096033966	accepted	ΔΑΣΕ ΒΟΡΕΙΟΣ   ΗΠΕΙΡΟΣ	1				
096033966	accepted	"ΔΑΣΕ: ΒΟΡΕΙΟΣ¨""ΗΠΕΙΡΟΣ"""	1				
096033966	accepted	"ΔΑΣΕ:ΒΟΡΕΙΟΣ""ΗΠΕΙΡΟΣ"""	1				
096034164	accepted	ΔΑ.Σ.Ε. ΚΑΡΙΤΣΑΣ ΚΑΡΔΙΤΣΑΣ-ΜΟΥΧΑΣ-ΚΑΣΤΑΝΙΑΣ	1	ΔΑ.Σ.Ε. ΚΑΡΙΤΣΑΣ ΚΑΡΔΙΤΣΑΣ-ΜΟΥΧΑΣ-ΚΑΣΤΑΝΙΑΣ	ΔΑ.Σ.Ε. ΚΑΡΙΤΣΑΣ ΚΑΡΔΙΤΣΑΣ-ΜΟΥΧΑΣ-ΚΑΣΤΑΝΙΑΣ		
096034164	accepted	ΔΑΣΕ ΚΑΡΙΤΣΑΣ ΚΑΡΔΙΤΣΑΣ-ΜΟΥΧΑΣ-ΚΑΣΤΑΝΙΑΣ	1				
096034348	accepted	ΔΑ.ΣΕ. ΑΝΑΒΡΥΤΟΥ	1	ΔΑ.ΣΕ. ΑΝΑΒΡΥΤΟΥ	ΔΑ.ΣΕ. ΑΝΑΒΡΥΤΟΥ		
096034373	accepted	ΔΑΣΕ ΚΑΣΤΑΝΟΧΩΡΙΟΥ	5	ΔΑΣΕ ΚΑΣΤΑΝΟΧΩΡΙΟΥ	ΔΑΣΕ ΚΑΣΤΑΝΟΧΩΡΙΟΥ		
096034397	accepted	ΔΑΣΕ ΛΑΓΚΑΔΙΟΥ	6	ΔΑΣΕ ΛΑΓΚΑΔΙΟΥ	ΔΑΣΕ ΛΑΓΚΑΔΙΟΥ		
096034625	accepted	ΔΑ.Σ.Ε. ΛΙΘΟΤΟΠΟΥ	4	ΔΑΣΙΚΟΣ ΣΥΝΕΤΑΙΡΙΣΜΟΣ ΕΡΓΑΣΙΑΣ ΛΙΘΟΤΟΠΟΥ	ΔΑ.Σ.Ε. ΛΙΘΟΤΟΠΟΥ		
096034625	accepted	ΔΑΣΙΚΟΣ ΣΥΝΕΤΑΙΡΙΣΜΟΣ ΕΡΓΑΣΙΑΣ ΛΙΘΟΤΟΠΟΥ	1				
096034649	accepted	ΔΑΣΕ ΠΟΛΥΓΥΡΟΥ	7	ΔΑΣΙΚΟΣ ΣΥΝΕΤΑΙΡΙΣΜΟΣ ΠΟΛΥΓΥΡΟΥ	ΔΑΣΕ ΠΟΛΥΓΥΡΟΥ		
096034649	accepted	ΔΑΣΙΚΟΣ ΣΥΝΕΤΑΙΡΙΣΜΟΣ ΠΟΛΥΓΥΡΟΥ	1				
096034729	accepted	ΔΑΣΕ ΑΙΣΥΜΗΣ Α΄	5	ΔΑΣΙΚΟΣ ΣΥΝΕΤΑΙΡΙΣΜΟΣ ΕΡΓΑΣΙΑΣ ΑΙΣΥΜΗΣ Α	ΔΑΣΕ ΑΙΣΥΜΗΣ Α΄		
096034729	accepted	ΔΑΣΙΚΟΣ ΣΥΝΕΤΑΙΡΙΣΜΟΣ ΕΡΓΑΣΙΑΣ ΑΙΣΥΜΗΣ Α	5				
096034729	accepted	ΔΑΣΕ ΑΙΣΥΜΗΣ Α	4				
096034730	accepted	ΔΑΣΙΚΟΣ ΣΥΝΕΤΑΙΡΙΣΜΟΣ ΕΡΓΑΣΙΑΣ ΑΙΣΥΜΗΣ Β	11	ΔΑΣΙΚΟΣ ΣΥΝΕΤΑΙΡΙΣΜΟΣ ΕΡΓΑΣΙΑΣ ΑΙΣΥΜΗΣ Β	ΔΑΣΙΚΟΣ ΣΥΝΕΤΑΙΡΙΣΜΟΣ ΕΡΓΑΣΙΑΣ ΑΙΣΥΜΗΣ Β		
096034730	accepted	ΔΑΣΕ ΑΙΣΥΜΗΣ Β	2				
096034730	accepted	ΔΑΣΕ ΑΙΣΥΜΗΣ Β΄	2				
096034791	accepted	ΔΑΣΕ ΓΟΜΑΤΙΟΥ	3	ΔΑ.Σ.Ε. Γοματίου	ΔΑΣΕ ΓΟΜΑΤΙΟΥ		
096034791	accepted	ΔΑΣΕ Γοματίου	3				
096034791	accepted	ΔΑ.Σ.Ε. Γοματίου	1				
096034895	accepted	ΔΑΣΕ Αριστοτέλης	3	ΔΑ.Σ.Ε Αρναίας Χαλκιδικής ‘Ο ΑΡΙΣΤΟΤΕΛΗΣ’	ΔΑΣΕ Αριστοτέλης		
096034895	accepted	ΔΑΣΕ ΑΡΙΣΤΟΤΕΛΗΣ	2				
096034895	accepted	ΔΑ.Σ.Ε ΑΡΙΣΤΟΤΕΛΗΣ	1				
096034895	accepted	ΔΑ.Σ.Ε Αρναίας Χαλκιδικής ‘Ο ΑΡΙΣΤΟΤΕΛΗΣ’	1				
096034895	accepted	ΔΑΣΕ ΑΡΙΣΤΟΤΕΛΗ	1				
096034902	accepted	ΔΑΣΕ ΣΤΡΑΤΟΝΙΚΗΣ	4	ΔΑΣΕ Στρατονίκης	ΔΑΣΕ ΣΤΡΑΤΟΝΙΚΗΣ		
096034902	accepted	ΔΑΣΕ Στρατονίκης	2				
096034987	accepted	ΔΑΣΕ ΚΡΥΟΝΕΡΙΟΥ	4	ΔΑΣΕ ΚΡΥΟΝΕΡΙΟΥ ΛΑΓΚΑΔΑ	ΔΑΣΕ ΚΡΥΟΝΕΡΙΟΥ		
096034987	accepted	ΔΑΣΕ ΚΡΥΟΝΕΡΙΟΥ ΛΑΓΚΑΔΑ	2				
096034999	accepted	ΔΑΣΕ Η ΕΝΩΣΗ ΣΤΑΥΡΟΥ	6	ΔΑΣΙΚΟΣ ΣΥΝΕΤΑΙΡΙΣΜΟΣ ΕΡΓΑΣΙΑΣ (ΔΑ.Σ.Ε.) Η ΕΝΩΣΗ ΣΤΑΥΡΟΥ	ΔΑΣΕ Η ΕΝΩΣΗ ΣΤΑΥΡΟΥ		
096034999	accepted	"ΔΑΣΕ ""Η ΕΝΩΣΗ ΣΤΑΥΡΟΥ"""	4				
096034999	accepted	"ΔΑΣΕ "" Η ΕΝΩΣΗ "" ΣΤΑΥΡΟΥ"	3				
096034999	accepted	ΔΑΣΙΚΟΣ ΣΥΝΕΤΑΙΡΙΣΜΟΣ ΕΡΓΑΣΙΑΣ (ΔΑ.Σ.Ε.) Η ΕΝΩΣΗ ΣΤΑΥΡΟΥ	3				
096034999	accepted	"ΔΑ.Σ.Ε. ""Η ΕΝΩΣΗ"" ΣΤΑΥΡΟΥ"	2				
096034999	accepted	"ΔΑΣΕ ""Η ΕΝΩΣΗ ""ΣΤΑΥΡΟΥ"	2				
096034999	accepted	"ΔΑΣΕ ""Η ΕΝΩΣΗ"" ΣΤΑΥΡΟΥ"	2				
096034999	accepted	"ΔΑΣΕ "" Η ΕΝΩΣΗ"" ΣΤΑΥΡΟΥ"	1				
096034999	accepted	"ΔΑΣΕ ""Η ΕΝΩΣΗ"" ΚΑΤΩ ΣΤΑΥΡΟΥ"	1				
096034999	accepted	ΔΑΣΕ «Η ΕΝΩΣΗ ΣΤΑΥΡΟΥ»	1				
096034999	accepted	Δασικός Συνεταιρισμός «Ένωση » Σταυρού	1				
096034999	accepted	Δασικός Συνεταιρισμός Σταυρού Ή ΕΝΩΣΗ¨	1				
096035007	accepted	ΔΑ.Σ.Ε. Στεφανινών Θεσσαλονίκης	1	ΔΑ.Σ.Ε. Στεφανινών Θεσσαλονίκης	ΔΑ.Σ.Ε. Στεφανινών Θεσσαλονίκης		
096035019	accepted	ΔΑΣΕ ΣΟΧΟΥ	8	ΔΑΣΙΚΟΣ ΣΥΝΕΤΑΙΡΙΣΜΟΣ ΕΡΓΑΣΙΑΣ ΔΑΣΕ ΣΟΧΟΥ	ΔΑΣΕ ΣΟΧΟΥ		
096035019	accepted	090273987	1				
096035019	accepted	ΔΑ.Σ.Ε. Σοχού Θεσσαλονίκης ‘Η ΔΡΥΣ’	1				
096035019	accepted	ΔΑΣΕ Σοχού	1				
096035019	accepted	ΔΑΣΙΚΟΣ ΣΥΝΕΤΑΙΡΙΣΜΟΣ ΕΡΓΑΣΙΑΣ ΔΑΣΕ ΣΟΧΟΥ	1				
096035032	accepted	ΔΑ.Σ.Ε. Η ΠΡΟΟΔΟΣ ΑΝΩ ΣΤΑΥΡΟΥ	4	ΔΑ.Σ.Ε. Άνω Σταυρού Θεσ/νίκης ΄΄ΠΡΟΟΔΟΣ΄΄	ΔΑ.Σ.Ε. Η ΠΡΟΟΔΟΣ ΑΝΩ ΣΤΑΥΡΟΥ		
096035032	accepted	ΔΑΣΕ Η ΠΡΟΟΔΟΣ ΑΝΩ ΣΤΑΥΡΟΥ	4				
096035032	accepted	ΔΑ.Σ.Ε. ΑΝΩ ΣΤΑΥΡΟΥ	2				
096035032	accepted	"ΔΑΣΕ ""Η ΠΡΟΟΔΟΣ"" ΑΝΩ ΣΤΑΥΡΟΥ"	2				
096035032	accepted	"ΔΑΣΕ ΑΝΩ ΣΤΑΥΡΟΥ ""Η ΠΡΟΟΔΟΣ"""	2				
096035032	accepted	ΔΑΣΕ ΑΝΩ ΣΤΑΥΡΟΥ Η ΠΡΟΟΔΟΣ	2				
096035032	accepted	ΔΑ.Σ.Ε. Άνω Σταυρού Θεσ/νίκης ΄΄ΠΡΟΟΔΟΣ΄΄	1				
096035032	accepted	"ΔΑΣΕ ""Η ΠΡΟΟΔΟΣ "" Α.ΣΤΑΥΡΟΥ"	1				
096035032	accepted	ΔΑΣΕ ΑΝΩ ΣΤΑΥΡΟΥ	1				
096035032	accepted	"ΔΑΣΕ ""Η ΠΡΟΟΔΟΣ "" ΑΝΩ ΣΤΑΥΡΟΥ"	1				
096035695	accepted	ΔΑ.Σ.Ε. Αθαμανίας Τρικάλων	2	ΔΑ.Σ.Ε. Αθαμανίας Τρικάλων	ΔΑ.Σ.Ε. Αθαμανίας Τρικάλων		
096035738	accepted	ΔΑ.Σ.Ε ΣΤΟΥΡΝΑΡΕΙΚΩΝ	1	ΔΑ.Σ.Ε. Στουρναρέικων Τρικάλων	ΔΑ.Σ.Ε ΣΤΟΥΡΝΑΡΕΙΚΩΝ		
096035738	accepted	ΔΑ.Σ.Ε. ΣΤΟΥΡΝΑΡΑΙΙΚΩΝ	1				
096035738	accepted	ΔΑ.Σ.Ε. ΣΤΟΥΡΝΑΡΕΙΚΩΝ	1				
096035738	accepted	ΔΑ.Σ.Ε. Στουρναρέικων Τρικάλων	1				
096035738	accepted	ΔΑ.Σ.Ε. Στουρναρέϊκα Τρικάλων	1				
096035738	accepted	ΔΑΣΕ ΣΤΟΥΡΝΑΡΕΙΚΩΝ	1				
096035738	accepted	ΔΑΣΕ ΣΤΟΥΡΝΑΡΕΪΚΩΝ	1				
096035900	accepted	ΔΑΣΕ ΑΝΩ ΓΡΑΜΜΑΤΙΚΟΥ	12	ΔΑΣΙΚΟΣ ΣΥΝΕΤΑΙΡΙΣΜΟΣ ΕΡΓΑΣΙΑΣ ΑΝΩ ΓΡΑΜΜΑΤΙΚΟΥ	ΔΑΣΕ ΑΝΩ ΓΡΑΜΜΑΤΙΚΟΥ		
096035900	accepted	ΔΑΣΙΚΟΣ ΣΥΝΕΤΑΙΡΙΣΜΟΣ ΕΡΓΑΣΙΑΣ ΑΝΩ ΓΡΑΜΜΑΤΙΚΟΥ	1				
096036194	accepted	ΔΑ.Σ.Ε. ΝΕΟΥ ΠΕΤΡΙΤΣΙΟΥ	3	ΔΑ.Σ.Ε. ΝΕΟΥ ΠΕΤΡΙΤΣΙΟΥ	ΔΑ.Σ.Ε. ΝΕΟΥ ΠΕΤΡΙΤΣΙΟΥ		
096036194	accepted	ΔΑ.Σ.Ε. Ν. ΠΕΤΡΙΤΣΙΟΥ	1				
096038648	accepted	ΔΑ.Σ.Ε. Τσαπουρνιάς	1	ΔΑ.Σ.Ε. Τσαπουρνιάς	ΔΑ.Σ.Ε. Τσαπουρνιάς		
096040320	accepted	ΔΑΣΕ ΧΡΥΣΟΥΠΟΛΗΣ	7	ΔΑΣΕ ΧΡΥΣΔΟΥΠΟΛΗΣ	ΔΑΣΕ ΧΡΥΣΟΥΠΟΛΗΣ		
096040320	accepted	ΔΑΣΕ ΧΡΥΣΔΟΥΠΟΛΗΣ	1				
096040750	accepted	ΔΑΣΕ ΒΡΑΧΑΣ	15	ΔΑΣΕ ΒΡΑΧΑΣ	ΔΑΣΕ ΒΡΑΧΑΣ		
096040994	accepted	ΔΑΣΕ ΔΑΔΙΑΣ	7	ΔΑΣΕ ΔΑΔΙΑΣ	ΔΑΣΕ ΔΑΔΙΑΣ		
096047960	accepted	"ΔΑΣΕ ""ΤΟ ΠΕΡΤΟΥΛΙ"""	1	ΔΑΣΕ ΠΕΡΤΟΥΛΙΟΥ ''ΤΟ ΠΕΡΤΟΥΛΙ''	"ΔΑΣΕ ""ΤΟ ΠΕΡΤΟΥΛΙ"""		
096047960	accepted	ΔΑΣΕ ΠΕΡΤΟΥΛΙΟΥ ''ΤΟ ΠΕΡΤΟΥΛΙ''	1				
096053559	accepted	ΔΑΣΕ ΠΕΥΚΩΤΟΥ ΑΛΜΩΠΙΑΣ ΠΕΛΛΑΣ	2	ΔΑΣΕ ΠΕΥΚΩΤΟΥ ΑΛΜΩΠΙΑΣ ΠΕΛΛΑΣ	ΔΑΣΕ ΠΕΥΚΩΤΟΥ ΑΛΜΩΠΙΑΣ ΠΕΛΛΑΣ		
096053584	accepted	ΔΑΣΙΚΟΣ ΣΥΝΕΤΑΙΡΙΣΜΟΣ ΕΡΓΑΣΙΑΣ ΔΟΛΙΑΝΩΝ	4	ΔΑΣΙΚΟΣ ΣΥΝΕΤΑΙΡΙΣΜΟΣ ΕΡΓΑΣΙΑΣ ΔΟΛΙΑΝΩΝ	ΔΑΣΙΚΟΣ ΣΥΝΕΤΑΙΡΙΣΜΟΣ ΕΡΓΑΣΙΑΣ ΔΟΛΙΑΝΩΝ		
096053688	accepted	ΔΑ.Σ.Ε. ΦΕΛΛΙΟΥ	6	ΔΑ.Σ.Ε. ΦΕΛΛΙΟΥ	ΔΑ.Σ.Ε. ΦΕΛΛΙΟΥ		
096061560	accepted	ΔΑΣΕ ΕΛΑΦΟΥ	4	ΔΑ.ΣΕ. ΚΑΡΙΤΣΑΣ ΕΛΑΦΟΥ ΑΓΙΑΣ ΛΑΡΙΣΑΣ	ΔΑΣΕ ΕΛΑΦΟΥ		
096061560	accepted	ΔΑ.Σ.Ε. Ελάφου Αγιάς Λάρισας	3				
096061560	accepted	ΔΑ.ΣΕ. ΕΛΑΦΟΥ ΑΓΙΑΣ ΛΑΡΙΣΑΣ	3				
096061560	accepted	ΔΑΣΕ ΕΛΑΦΟΥ ΑΓΙΑΣ ΛΑΡΙΣΑΣ	3				
096061560	accepted	ΔΑ.ΣΕ. ΚΑΡΙΤΣΑΣ ΕΛΑΦΟΥ ΑΓΙΑΣ ΛΑΡΙΣΑΣ	1				
096061560	accepted	ΔΑΣΕ ΕΛΑΦΟΣ ΑΓΙΑΣ ΛΑΡΙΣΑΣ	1				
096064168	accepted	ΔΑΣΕ ΠΕΥΚΟΦΥΤΟΥ ΝΕΣΤΟΡΙΟΥ	1	ΔΑΣΕ ΠΕΥΚΟΦΥΤΟΥ ΝΕΣΤΟΡΙΟΥ	ΔΑΣΕ ΠΕΥΚΟΦΥΤΟΥ ΝΕΣΤΟΡΙΟΥ		
096064297	accepted	ΔΑ.Σ.Ε. ΒΑΘΗΣ	2	ΔΑ.Σ.Ε. ΒΑΘΗΣ1026,48	ΔΑ.Σ.Ε. ΒΑΘΗΣ		
096064297	accepted	ΔΑ.Σ.Ε. ΒΑΘΗΣ1026,48	1				
096064297	accepted	ΔΑΣΕ ΒΑΘΗΣ	1				
096064304	accepted	ΔΑ.Σ.Ε. ΕΛΛΗΝΙΚΟΥ	2	ΔΑ.Σ.Ε. ΕΛΛΗΝΙΚΟΥ	ΔΑ.Σ.Ε. ΕΛΛΗΝΙΚΟΥ		
096064304	accepted	ΔΑ.ΣΕ. ΕΛΛΗΝΙΚΟΥ	1				
096064304	accepted	ΔΑΣΕ ΕΛΛΗΝΙΚΟΥ	1				
096064365	accepted	ΔΑ.Σ.Ε. ΠΟΝΤΟΚΕΡΑΣΙΑΣ	1	ΔΑ.Σ.Ε. ΠΟΝΤΟΚΕΡΑΣΙΑΣ	ΔΑ.Σ.Ε. ΠΟΝΤΟΚΕΡΑΣΙΑΣ		
096064365	accepted	ΔΑ.ΣΕ. ΠΟΝΤΟΚΕΡΑΣΙΑΣ	1				
096064734	accepted	ΔΑΣΕ ΠΕΝΤΑΛΟΦΟΥ ΖΩΝΗΣ	2	ΔΑΣΕ ΠΕΝΤΑΛΟΦΟΥ ΖΩΝΗΣ	ΔΑΣΕ ΠΕΝΤΑΛΟΦΟΥ ΖΩΝΗΣ		
096064863	accepted	ΔΑ.Σ.Ε. ΑΓΙΩΝ ΘΕΟΔΩΡΩΝ	8	ΔΑ.Σ.Ε. ΑΓΙΩΝ ΘΕΟΔΩΡΩΝ	ΔΑ.Σ.Ε. ΑΓΙΩΝ ΘΕΟΔΩΡΩΝ		
096065800	accepted	ΔΑΣΕ ΑΓΙΑΣ ΦΩΤΕΙΝΗΣ	12	ΔΑΣΕ ΑΓΙΑΣ ΦΩΤΕΙΝΗΣ	ΔΑΣΕ ΑΓΙΑΣ ΦΩΤΕΙΝΗΣ		
096066346	accepted	ΔΑΣΕ ΒΑΡΒΑΡΑΣ	9	ΔΑΣΙΚΟΣ ΣΥΝΕΤΑΙΡΙΣΜΟΣ ΒΑΡΒΑΡΑΣ	ΔΑΣΕ ΒΑΡΒΑΡΑΣ		
096066346	accepted	ΔΑΣΕ ΒΑΡΒΑΡΑΣ ΧΑΛΚΙΔΙΚΗΣ	4				
096066346	accepted	ΔΑΣΕ Βαρβάρας	3				
096066346	accepted	ΔΑ.Σ.Ε. Βαρβάρας Χαλκιδικής	1				
096066346	accepted	ΔΑΣΕ  ΒΑΡΒΑΑΡΑΣ	1				
096066346	accepted	ΔΑΣΙΚΟΣ ΣΥΝΕΤΑΙΡΙΣΜΟΣ ΒΑΡΒΑΡΑΣ	1				
096066790	accepted	ΔΑΣΕ ΜΙΚΡΟΚΛΕΙΣΟΥΡΑΣ	33	ΔΑΣΕ ΜΙΚΡΟΚΛΕΙΣΟΥΡΑΣ	ΔΑΣΕ ΜΙΚΡΟΚΛΕΙΣΟΥΡΑΣ		
096066790	accepted	ΜΙΚΡΟΚΛΕΙΣΟΥΡΑΣ	1				
096067226	accepted	ΔΑΣΙΚΟΣ ΣΥΝΕΤΑΙΡΙΣΜΟΣ ΕΡΓΑΣΙΑΣ ΣΙΔΗΡΟΧΩΡΙΟΥ	9	ΔΑΣΙΚΟΣ ΣΥΝΕΤΑΙΡΙΣΜΟΣ ΕΡΓΑΣΙΑΣ ΣΙΔΗΡΟΧΩΡΙΟΥ	ΔΑΣΙΚΟΣ ΣΥΝΕΤΑΙΡΙΣΜΟΣ ΕΡΓΑΣΙΑΣ ΣΙΔΗΡΟΧΩΡΙΟΥ		
096067226	accepted	ΔΑΣΕ ΣΙΔΗΡΟΧΩΡΙΟΥ	6				
096067380	accepted	ΔΑΣΕ ΛΕΚΑΝΗΣ	10	ΔΑΣΕ ΛΕΚΑΝΗΣ	ΔΑΣΕ ΛΕΚΑΝΗΣ		
096067681	accepted	ΔΑΣΕ ΡΕΥΜΑΤΟΣ ΩΡΑΙΟΥ	11	"ΔΑΣΕ:ΡΕΥΜΑΤΟΣ""ΩΡΑΙΟΥ"""	ΔΑΣΕ ΡΕΥΜΑΤΟΣ ΩΡΑΙΟΥ		
096067681	accepted	"ΔΑΣΕ ΡΕΥΜΑΤΟΣ""ΩΡΑΙΟΥ"""	11				
096067681	accepted	"ΔΑΣΕ:ΡΕΥΜΑΤΟΣ""ΩΡΑΙΟΥ"""	2				
096067681	accepted	ΔΑΣΕ ΡΕΥΜΑΥΟΣ ΩΡΑΙΟΥ	1				
096068432	accepted	ΔΑ.Σ.Ε. ΚΕΡΚΙΝΗΣ	4	ΔΑΣΙΚΟΣ ΣΥΝΕΤΑΙΡΙΣΜΟΣ ΕΡΓΑΣΙΑΣ ΚΕΡΚΙΝΗΣ	ΔΑ.Σ.Ε. ΚΕΡΚΙΝΗΣ		
096068432	accepted	ΔΑΣΙΚΟΣ ΣΥΝΕΤΑΙΡΙΣΜΟΣ ΕΡΓΑΣΙΑΣ ΚΕΡΚΙΝΗΣ	2				
096071203	accepted	ΔΑΣΙΚΟΣ ΣΥΝΕΤΑΙΡΙΣΜΟΣ ΕΡΓΑΣΙΑΣ ΟΡΕΙΝΗΣ	14	ΔΑΣΙΚΟΣ ΣΥΝΕΤΑΙΡΙΣΜΟΣ ΕΡΓΑΣΙΑΣ ΟΡΕΙΝΗΣ	ΔΑΣΙΚΟΣ ΣΥΝΕΤΑΙΡΙΣΜΟΣ ΕΡΓΑΣΙΑΣ ΟΡΕΙΝΗΣ		
096071203	accepted	ΔΑ.Σ.Ε. <<ΟΡΕΙΝΗΣ>>	3				
096071288	accepted	ΔΑΣΙΚΟΣ ΣΥΝΕΤΑΙΡΙΣΜΟΣ ΕΡΓΑΣΙΑΣ ΧΕΙΜΑΡΡΟΥ	6	ΔΑΣΙΚΟΣ ΣΥΝΕΤΑΙΡΙΣΜΟΣ ΕΡΓΑΣΙΑΣ ΧΕΙΜΑΡΡΟΥ	ΔΑΣΙΚΟΣ ΣΥΝΕΤΑΙΡΙΣΜΟΣ ΕΡΓΑΣΙΑΣ ΧΕΙΜΑΡΡΟΥ		
096071288	accepted	ΔΑ.Σ.Ε. <<ΧΕΙΜΑΡΡΟΥ>>	2				
096073988	accepted	ΔΑΣΕ ΜΕΤΣΟΒΟΥ	2	ΔΑΣΕ ΜΕΤΣΟΒΟΥ	ΔΑΣΕ ΜΕΤΣΟΒΟΥ		
096077490	accepted	ΔΑΣΕ ΠΕΥΚΟΥ ΝΕΣΤΟΡΙΟΥ	3	ΔΑΣΕ ΠΕΥΚΟΥ ΝΕΣΤΟΡΙΟΥ	ΔΑΣΕ ΠΕΥΚΟΥ ΝΕΣΤΟΡΙΟΥ		
096077521	accepted	ΔΑΣΕ Μ. ΠΑΝΑΓΙΑΣ	4	ΔΑ.Σ.Ε. Μεγάλη Παναγία Χαλκιδικής	ΔΑΣΕ Μ. ΠΑΝΑΓΙΑΣ		
096077521	accepted	ΔΑ.Σ.Ε. Μεγάλη Παναγία Χαλκιδικής	1				
096077521	accepted	ΔΑΣΕ Μ. Παναγίας	1				
096081510	accepted	ΔΑΣΕ ΛΙΒΑΔΙΟΥ	26	ΔΑΣΕ ΛΙΒΑΔΙΟΥ	ΔΑΣΕ ΛΙΒΑΔΙΟΥ		
096081522	accepted	ΔΑΣΕ ΒΕΡΔΙΚΟΥΣΙΑΣ	22	ΔΑΣΕ ΒΕΡΔΙΚΟΥΣΙΑΣ	ΔΑΣΕ ΒΕΡΔΙΚΟΥΣΙΑΣ		
096085810	accepted	ΔΑΣΕ ΠΡΟΜΑΧΩΝ Ο 10ος ΔΑΣΙΚΟΣ ΑΛΜΩΠΙΑΣ Ν. ΠΕΛΛΑΣ	1	ΔΑΣΕ ΠΡΟΜΑΧΩΝ Ο 10ος ΔΑΣΙΚΟΣ ΑΛΜΩΠΙΑΣ Ν. ΠΕΛΛΑΣ	ΔΑΣΕ ΠΡΟΜΑΧΩΝ Ο 10ος ΔΑΣΙΚΟΣ ΑΛΜΩΠΙΑΣ Ν. ΠΕΛΛΑΣ		
096085834	accepted	ΔΑΣΕ ΠΡΟΜΑΧΩΝ 9ος	3	ΔΑΣΕ ΠΡΟΜΑΧΩΝ 9ος	ΔΑΣΕ ΠΡΟΜΑΧΩΝ 9ος		
096085846	accepted	ΔΑΣΕ ΠΡΟΜΑΧΩΝ 7ος ΑΛΜΩΠΙΑΣ	2	ΔΑΣΙΚΟΣ ΣΥΝΕΤΑΙΡΙΣΜΟΣ ΠΡΟΜΑΧΩΝ 7ο	ΔΑΣΕ ΠΡΟΜΑΧΩΝ 7ος ΑΛΜΩΠΙΑΣ		
096085846	accepted	ΔΑΣΕ 7ος ΠΡΟΜΑΧΩΝ	1				
096085846	accepted	ΔΑΣΙΚΟΣ ΣΥΝΕΤΑΙΡΙΣΜΟΣ ΠΡΟΜΑΧΩΝ 7ο	1				
096085871	accepted	ΔΑΣΕ ΝΟΤΙΑΣ Η ΤΖΕΝΑ	1	ΔΑΣΕ ΝΟΤΙΑΣ Η ΤΖΕΝΑ	ΔΑΣΕ ΝΟΤΙΑΣ Η ΤΖΕΝΑ		
096085902	accepted	ΔΑΣΕ ΠΡΟΜΑΧΩΝ 12ος	1	ΔΑΣΕ ΠΡΟΜΑΧΩΝ 12ος	ΔΑΣΕ ΠΡΟΜΑΧΩΝ 12ος		
096085938	accepted	ΕΛΕΥΘΕΡΟΣ ΔΑΣΙΚΟΣ ΣΥΝΕΤΑΙΡΙΣΜΟΣ ΕΡΓΑΣΙΑΣ ΝΕΟΧΩΡΙΟΥ ΑΛΜΩΠΙΑΣ Ν ΠΕΛΛΑΣ	4	ΔΑΣΕ ΕΛΕΥΘΕΡΟΣ ΔΑΣΙΚΟΣ ΣΥΝΕΤΑΙΡΙΣΜΟΣ ΕΡΓΑΣΙΑΣ ΝΕΟΧΩΡΙΟΥ ΑΛΜΩΠΙΑΣ  Ν ΠΕΛΛΑΣ	ΕΛΕΥΘΕΡΟΣ ΔΑΣΙΚΟΣ ΣΥΝΕΤΑΙΡΙΣΜΟΣ ΕΡΓΑΣΙΑΣ ΝΕΟΧΩΡΙΟΥ ΑΛΜΩΠΙΑΣ Ν ΠΕΛΛΑΣ		
096085938	accepted	ΔΑΣΕ ΕΛΕΥΕΘΡΟΣ ΔΑΣΙΚΟΣ ΣΥΝΕΤΑΙΡΙΣΜΟΣ ΕΡΓΑΣΙΑΣ ΝΕΟΧΩΡΙΟΥ ΑΛΜΩΠΙΑΣ Ν. ΠΕΛΛΑΣ	1				
096085938	accepted	ΔΑΣΕ ΕΛΕΥΘΕΡΟΣ ΔΑΣΙΚΟΣ ΣΥΝΕΤΑΙΡΙΣΜΟΣ ΕΡΓΑΣΙΑΣ ΝΕΟΧΩΡΙΟΥ ΑΛΜΩΠΙΑΣ  Ν ΠΕΛΛΑΣ	1				
096085938	accepted	ΕΛΕΥΘΕΡΟΣ ΔΑΣΙΚΟΣ ΣΥΝΕΤΑΙΡΙΣΜΟΣ ΕΡΓΑΣΙΑΣ ΝΕΟΧΩΡΙΟΥ ΑΛΜΩΠΙΑΣ Ν. ΠΕΛΛΑΣ	1				
096086019	accepted	ΔΑΣΕ ΔΕΥΤΕΡΟΣ ΠΕΥΚΩΤΟΥ ΑΛΜΩΠΙΑΣ	2	ΔΑΣΕ ΔΕΥΤΕΡΟΣ ΠΕΥΚΩΤΟΥ ΑΛΜΩΠΙΑΣ	ΔΑΣΕ ΔΕΥΤΕΡΟΣ ΠΕΥΚΩΤΟΥ ΑΛΜΩΠΙΑΣ		
096086093	accepted	ΔΑΣΙΚΟΣ ΣΥΝΕΤΑΙΡΙΣΜΟΣ ΕΡΓΑΣΙΑΣ ΠΡΟΜΑΧΩΝ ΝΕΑ ΓΕΝΙΑ ΑΛΜΩΠΙΑΣ	2	ΔΑΣΙΚΟΣ ΣΥΝΕΤΑΙΡΙΣΜΟΣ ΕΡΓΑΣΙΑΣ ΠΡΟΜΑΧΩΝ ΝΕΑ ΓΕΝΙΑ ΑΛΜΩΠΙΑΣ	ΔΑΣΙΚΟΣ ΣΥΝΕΤΑΙΡΙΣΜΟΣ ΕΡΓΑΣΙΑΣ ΠΡΟΜΑΧΩΝ ΝΕΑ ΓΕΝΙΑ ΑΛΜΩΠΙΑΣ		
096086093	accepted	ΔΑΣΕ ΠΡΟΜΑΧΩΝ	1				
096086093	accepted	ΔΑΣΕ ΠΡΟΜΑΧΩΝ Νέα Γενιά ΑΛΜΩΠΙΑΣ	1				
096086216	accepted	"ΔΑΣΕ ΟΡΜΑΣ "" ΜΕΓΑΣ ΑΛΕΞΑΝΔΡΟΣ"""	1	"ΔΑΣΕ ΟΡΜΑΣ "" Μέγας Αλέξανδρος"""	"ΔΑΣΕ ΟΡΜΑΣ "" ΜΕΓΑΣ ΑΛΕΞΑΝΔΡΟΣ"""		
096086216	accepted	"ΔΑΣΕ ΟΡΜΑΣ "" Μέγας Αλέξανδρος"""	1				
096086216	accepted	"ΔΑΣΕ ΟΡΜΑΣ ""ΜΕΓΑΣ ΑΛΕΞΑΝΔΡΟΣ"""	1				
096086230	accepted	ΔΑΣΕ ΠΡΟΜΑΧΩΝ Ο 4ος	3	ΔΑΣΕ ΠΡΟΜΑΧΩΝ Ο 4ος	ΔΑΣΕ ΠΡΟΜΑΧΩΝ Ο 4ος		
096086321	accepted	ΔΑΣΕ ΑΡΙΔΑΙΑΣ	4	ΔΑΣΕ ΑΡΙΔΑΙΑΣ	ΔΑΣΕ ΑΡΙΔΑΙΑΣ		
096088013	accepted	ΔΑΣΕ ΚΑΤΑΛΩΝΙΩΝ	5	ΔΑΣΕ ΚΑΤΑΛΩΝΙΩΝ	ΔΑΣΕ ΚΑΤΑΛΩΝΙΩΝ		
096093508	accepted	ΔΑΣΕ ΠΡΟΦΗΤΗ ΗΛΙΑ ΣΥΝ.ΠΕ.	1	ΔΑΣΕ ΠΡΟΦΗΤΗ ΗΛΙΑ ΣΥΝ.ΠΕ.	ΔΑΣΕ ΠΡΟΦΗΤΗ ΗΛΙΑ ΣΥΝ.ΠΕ.		
096095618	accepted	ΔΑΣΕ ΣΙΔΗΡΟΝΕΡΟΥ Η ΕΛΑΤΙΑ	4	"ΔΑ.Σ.Ε. ΣΙΔΗΡΟΝΕΡΟΥ ""Η ΕΛΑΤΙΑ"""	ΔΑΣΕ ΣΙΔΗΡΟΝΕΡΟΥ Η ΕΛΑΤΙΑ		
096095618	accepted	"ΔΑ.Σ.Ε. ΣΙΔΗΡΟΝΕΡΟΥ ""Η ΕΛΑΤΙΑ"""	1				
096095618	accepted	ΔΑΣΕ ΔΡΑΜΑΣ Η ΕΛΑΤΙΑ	1				
096095618	accepted	ΔΑΣΕ ΣΙΔΗΡΟΝΕΡΟΥ ΕΛΑΤΙΑ	1				
096095620	accepted	ΔΑΣΕ ΝΙΚΗΦΟΡΟΥ Η ΠΡΟΟΔΟΣ	5	"ΔΑ.Σ.Ε. ΝΙΚΗΦΟΡΟΥ ""Η ΠΡΟΟΔΟΣ"""	ΔΑΣΕ ΝΙΚΗΦΟΡΟΥ Η ΠΡΟΟΔΟΣ		
096095620	accepted	"ΔΑ.Σ.Ε. ΝΙΚΗΦΟΡΟΥ ""Η ΠΡΟΟΔΟΣ"""	1				
096095620	accepted	ΔΑΣΕ ΝΙΚΗΦΟΡΟΣ Η ΠΡΟΟΔΟΣ	1				
096095643	accepted	ΔΑΣΕ ΠΛΑΤΑΝΙΑΣ	8	ΔΑ.Σ.Ε. ΠΛΑΤΑΝΙΑΣ	ΔΑΣΕ ΠΛΑΤΑΝΙΑΣ		
096095643	accepted	ΔΑ.Σ.Ε. ΠΛΑΤΑΝΙΑΣ	3				
096098227	accepted	ΔΑ.Σ.Ε ΑΓ. ΚΥΡΙΑΚΗΣ - ΠΑΛΑΙΟΓΡΑΤΣΑΝΟΥ - ΕΛΑΤΗΣ	1	Δασικός Συνεταιρισμός Εργασίας Αγίας Κυριακής –Παλαιογρατσάνου-Ελάτης	ΔΑ.Σ.Ε ΑΓ. ΚΥΡΙΑΚΗΣ - ΠΑΛΑΙΟΓΡΑΤΣΑΝΟΥ - ΕΛΑΤΗΣ		
096098227	accepted	ΔΑ.ΣΕ. ΑΓΙΑΣ ΚΥΡΙΑΚΗΣ, ΠΑΛΑΙΟΓΡΑΤΣΑΝΟΥ, ΕΛΑΤΗΣ	1				
096098227	accepted	ΔΑΣΕ ΑΓ.ΚΥΡΙΑΚΗΣ -ΠΑΛΑΙΟΓΡΑΤΣΑΝΟΥ-ΕΛΑΤΗΣ	1				
096098227	accepted	ΔΑΣΙΚΟ ΣΥΝΕΤΑΙΡΙΣΜΟ ΕΡΓΑΣΙΑΣ ΑΓΙΑΣ	1				
096098227	accepted	ΔΑΣΙΚΟ ΣΥΝΕΤΑΙΡΙΣΜΟ ΕΡΓΑΣΙΑΣ ΑΓΙΑΣ ΚΥΡΙΑΚΗΣ-ΠΑΛΑΙΟΓΡΑΤΣΑΝΟΥ-ΕΛΑΤΗΣ	1				
096098227	accepted	ΔΑΣΙΚΟΣ ΑΓΡΟΤΙΚΟΣ ΣΥΝ/ΣΜΟΣ ΑΓ. ΚΥΡΙΑΚΗΣ-ΠΑΛΑΙΟΓΡΑΤΣΑΝΟΥ -ΕΛΑΤΗΣ	1				
096098227	accepted	ΔΑΣΙΚΟΣ ΣΥΝΑΙΤΕΡΙΣΜΟΣ ΑΓΙΑΣ ΚΥΡΙΑΚΗΣ	1				
096098227	accepted	Δασικός Συνεταιρισμός Εργασίας Αγίας Κυριακής Παλαιογρατσάνου Ελάτης	1				
096098227	accepted	Δασικός Συνεταιρισμός Εργασίας Αγίας Κυριακής –Παλαιογρατσάνου-Ελάτης	1				
096098822	accepted	ΔΑ.Σ.Ε. ΑΓ. ΚΥΡΙΑΚΗΣ-ΠΑΛΑΙΟΓΡΑΤΣΑΝΟΥ-ΕΛΑΤΗΣ	1	ΔΑ.Σ.Ε. ΑΓ. ΚΥΡΙΑΚΗΣ-ΠΑΛΑΙΟΓΡΑΤΣΑΝΟΥ-ΕΛΑΤΗΣ	ΔΑ.Σ.Ε. ΑΓ. ΚΥΡΙΑΚΗΣ-ΠΑΛΑΙΟΓΡΑΤΣΑΝΟΥ-ΕΛΑΤΗΣ		
096099390	accepted	ΔΑ.Σ.Ε. Κυπαρισσίου-Σήμιας	1	ΔΑ.Σ.Ε. Κυπαρισσίου-Σήμιας	ΔΑ.Σ.Ε. Κυπαρισσίου-Σήμιας		
096099678	accepted	ΔΑΣΕ ΠΕΝΤΑΛΟΦΟΥ	6	ΔΑΣΕ ΠΕΝΤΑΛΟΦΟΥ	ΔΑΣΕ ΠΕΝΤΑΛΟΦΟΥ		
096115609	accepted	ΔΑΣΙΚΟΣ ΣΥΝΕΤΑΙΡΙΣΜΟΣ ΕΡΓΑΣΙΑΣ ΡΟΒΙΩΝ ΕΥΒΟΙΑΣ	2	ΔΑΣΙΚΟΣ ΣΥΝΕΤΑΙΡΙΣΜΟΣ ΕΡΓΑΣΙΑΣ ΡΟΒΙΩΝ ΕΥΒΟΙΑΣ	ΔΑΣΙΚΟΣ ΣΥΝΕΤΑΙΡΙΣΜΟΣ ΕΡΓΑΣΙΑΣ ΡΟΒΙΩΝ ΕΥΒΟΙΑΣ		
096115714	accepted	ΔΑΣΙΚΟΣ ΣΥΝΕΤΑΙΡΙΣΜΟΣ ΕΡΓΑΣΙΑΣ ΚΟΥΡΚΟΥΛΩΝ	1	ΔΑΣΙΚΟΣ ΣΥΝΕΤΑΙΡΙΣΜΟΣ ΕΡΓΑΣΙΑΣ ΚΟΥΡΚΟΥΛΩΝ ΕΥΒΟΙΑΣ	ΔΑΣΙΚΟΣ ΣΥΝΕΤΑΙΡΙΣΜΟΣ ΕΡΓΑΣΙΑΣ ΚΟΥΡΚΟΥΛΩΝ		
096115714	accepted	ΔΑΣΙΚΟΣ ΣΥΝΕΤΑΙΡΙΣΜΟΣ ΕΡΓΑΣΙΑΣ ΚΟΥΡΚΟΥΛΩΝ ΕΥΒΟΙΑΣ	1				
096115923	accepted	ΔΑΣΕ ΑΝΘΗΡΟΥ ΚΑΡΟΠΛΕΣΙΟΥ ΚΑΡΔΙΤΣΑΣ	3	ΔΑΣΙΚΟΣ ΣΥΝΕΤΑΙΡΙΣΜΟΣ ΕΡΓΑΣΙΑΣ ΑΝΘΗΡΟΥ ΚΑΡΟΠΛΕΣΙΟΥ ΚΑΡΔΙΤΣΑΣ	ΔΑΣΕ ΑΝΘΗΡΟΥ ΚΑΡΟΠΛΕΣΙΟΥ ΚΑΡΔΙΤΣΑΣ		
096115923	accepted	ΔΑ.Σ.Ε. ΑΝΘΗΡΟΥ ΚΑΡΟΠΛΕΣΙΟΥ	1				
096115923	accepted	ΔΑΣΕ ΑΝΘΗΡΟΥ ΚΑΡΟΠΛΕΣΙΟΥ	1				
096115923	accepted	ΔΑΣΙΚΟΣ ΣΥΝΕΤΑΙΡΙΣΜΟΣ ΕΡΓΑΣΙΑΣ ΑΝΘΗΡΟΥ ΚΑΡΟΠΛΕΣΙΟΥ ΚΑΡΔΙΤΣΑΣ	1				
096121014	accepted	ΔΑΣΙΚΟΣ ΣΥΝΕΤΑΙΡΙΣΜΟΣ ΕΡΓΑΣΙΑΣ ΠΕΤΡΟΛΟΦΟΥ	5	ΔΑΣΙΚΟΣ ΣΥΝΕΤΑΙΡΙΣΜΟΣ ΕΡΓΑΣΙΑΣ ΠΕΤΡΟΛΟΦΟΥ	ΔΑΣΙΚΟΣ ΣΥΝΕΤΑΙΡΙΣΜΟΣ ΕΡΓΑΣΙΑΣ ΠΕΤΡΟΛΟΦΟΥ		
096121014	accepted	ΔΑΣΕ ΠΕΤΡΟΛΟΦΟΥ	4				
096133603	accepted	ΔΑΣΕ ΣΙΔΗΡΟΝΕΡΟΥ	12	ΔΑΣΙΚΟΣ ΣΥΝΕΤΑΙΡΙΣΜΟΣ ΣΙΔΗΡΟΝΕΡΟΥ	ΔΑΣΕ ΣΙΔΗΡΟΝΕΡΟΥ		
096133603	accepted	ΔΑΣΙΚΟΣ ΣΥΝΕΤΑΙΡΙΣΜΟΣ ΣΙΔΗΡΟΝΕΡΟΥ	2				
096133615	accepted	ΔΑΣΕ ΛΙΒΑΔΕΡΟΥ	10	ΔΑ.Σ.Ε. ΛΙΒΑΔΕΡΟΥ	ΔΑΣΕ ΛΙΒΑΔΕΡΟΥ		
096133615	accepted	ΔΑ.Σ.Ε. ΛΙΒΑΔΕΡΟΥ	6				
096133640	accepted	ΔΑ.Σ.Ε. ΘΟΛΟΥ	5	ΔΑ.Σ.Ε. ΘΟΛΟΥ	ΔΑ.Σ.Ε. ΘΟΛΟΥ		
096133640	accepted	ΔΑΣΕ ΘΟΛΟΥ	3				
096133664	accepted	ΔΑΣΕ ΔΡΑΜΑΣ Η ΕΛΑΤΙΑ	11	"ΔΑ.Σ.Ε. ΔΡΑΜΑΣ ""Η ΕΛΑΤΙΑ"""	ΔΑΣΕ ΔΡΑΜΑΣ Η ΕΛΑΤΙΑ		
096133664	accepted	"ΔΑ.Σ.Ε. ΔΡΑΜΑΣ ""Η ΕΛΑΤΙΑ"""	2				
096133793	accepted	ΔΑΣΕ ΜΑΥΡΟΒΑΤΟΥ	13	ΔΑ.Σ.Ε. ΜΑΥΡΟΒΑΤΟΥ	ΔΑΣΕ ΜΑΥΡΟΒΑΤΟΥ		
096133793	accepted	ΔΑ.Σ.Ε. ΜΑΥΡΟΒΑΤΟΥ	2				
096134114	accepted	"ΔΑΣΕΡΓΑΤΙΚΟΣ ΣΥΝΕΤΑΙΡΙΣΜΟΣ ΑΓΙΑΣ ΦΩΤΕΙΝΗΣ "" Η ΜΑΚΕΔΟΝΙΑ"""	9	"ΔΑΣΕ ΔΑΣΕΡΓΑΤΙΚΟΣ ΣΥΝΕΤΑΙΡΙΣΜΟΣ ΕΡΓΑΣΙΑΣ ΑΓΙΑΣ ΦΩΤΕΙΝΗΣ "" Η ΜΑΚΕΔΟΝΙΑ"""	"ΔΑΣΕΡΓΑΤΙΚΟΣ ΣΥΝΕΤΑΙΡΙΣΜΟΣ ΑΓΙΑΣ ΦΩΤΕΙΝΗΣ "" Η ΜΑΚΕΔΟΝΙΑ"""		
096134114	accepted	ΔΑΣΕΡΓΑΤΙΚΟΣ ΣΥΝΕΤΑΙΡΙΣΜΟΣ ΑΓΙΑΣ ΦΩΤΕΙΝΗΣ Η ΜΑΚΕΔΟΝΙΑ	4				
096134114	accepted	"ΔΑΣΕ ΔΑΣΕΡΓΑΤΙΚΟΣ ΣΥΝΕΤΑΙΡΙΣΜΟΣ ΕΡΓΑΣΙΑΣ ΑΓΙΑΣ ΦΩΤΕΙΝΗΣ "" Η ΜΑΚΕΔΟΝΙΑ"""	3				
096134114	accepted	Δασεργατικός Συνεταιρισμός  Αγ. Φωτεινής “ Η Μακεδονία»	2				
096134114	accepted	ΔΑΣΕ ΑΓ. ΦΩΤΕΙΝΗΣ	1				
096134114	accepted	"ΔΑΣΕ ΑΓΙΑΣ ΦΩΤΕΙΝΗΣ ""Η ΜΑΚΕΔΟΝΙΑ"""	1				
096134114	accepted	"ΔΑΣΕ ΔΑΣΕΡΓΑΤΙΚΟΣ ΣΥΝΕΤΑΙΡΙΣΜΟΣ ΑΓΙΑΣ ΦΩΤΕΙΝΗΣ "" Η ΜΑΚΕΔΟΝΙΑ"""	1				
096134114	accepted	ΔΑΣΕΡΓΑΤΙΚΟΣ ΣΥΝΕΤΑΙΡΙΣΜΟΣ ΑΓ ΦΩΤΕΙΝΗΣ	1				
096134114	accepted	ΔΑΣΕΡΓΑΤΙΚΟΣ ΣΥΝΕΤΑΙΡΙΣΜΟΣ ΑΓ. ΦΩΤΕΙΝΗΣ	1				
096134114	accepted	ΔΑΣΕΡΦΑΤΙΚΟ ΣΥΝΕΤΑΙΡΙΣΜΟΣ ΑΓ ΦΩΤΕΙΝΗΣ	1				
096134126	accepted	ΔΑΣΕ ΦΛΑΜΟΥΡΙΑΣ	10	ΔΑΣΙΚΟΣ ΑΓΡΟΤΙΚΟΣ ΣΥΝΕΤΑΙΡΙΣΜΟΣ ΕΡΓΑΣΙΑΣ ΦΛΑΜΟΥΡΙΑΣ	ΔΑΣΕ ΦΛΑΜΟΥΡΙΑΣ		
096134126	accepted	ΔΑΣΙΚΟΣ ΑΓΡΟΤΙΚΟΣ ΣΥΝΕΤΑΙΡΙΣΜΟΣ ΕΡΓΑΣΙΑΣ ΦΛΑΜΟΥΡΙΑΣ	3				
096135196	accepted	ΔΑΣΕ ΑΓ. ΝΙΚΟΛΑΟΥ	14	ΔΑΣΕ ΑΓ. ΝΙΚΟΛΑΟΥ	ΔΑΣΕ ΑΓ. ΝΙΚΟΛΑΟΥ		
096135290	accepted	ΔΑΣΕ ΕΠΙΝΙΑΝΩΝ	1	ΔΑΣΕ ΕΠΙΝΙΑΝΩΝ	ΔΑΣΕ ΕΠΙΝΙΑΝΩΝ		
096135319	accepted	ΔΑΣΕ ΚΑΡΠΕΝΗΣΙΟΥ	28	ΔΑΣΙΚΟΣ  ΣΥΝΕΤΑΙΡΙΣΜΟΣ  ΕΡΓΑΣΙΑΣ ΚΑΡΠΕΝΗΣΙΟΥ	ΔΑΣΕ ΚΑΡΠΕΝΗΣΙΟΥ		
096135319	accepted	ΔΑ.Σ.Ε. Καρπενησίου	3				
096135319	accepted	ΔΑΣΙΚΟΣ  ΣΥΝΕΤΑΙΡΙΣΜΟΣ  ΕΡΓΑΣΙΑΣ ΚΑΡΠΕΝΗΣΙΟΥ	1				
096135356	accepted	ΔΑΣΕ ΚΛΕΙΤΣΟΥ	6	ΔΑΣΕ ΚΛΕΙΤΣΟΥ	ΔΑΣΕ ΚΛΕΙΤΣΟΥ		
096135356	accepted	ΔΑΣΕ ΚΛΕΙΣΤΟΥ	5				
096135368	accepted	ΔΑΣΕ ΚΟΡΥΣΧΑΔΩΝ	24	ΔΑΣΕ ΚΟΡΥΣΧΑΔΩΝ	ΔΑΣΕ ΚΟΡΥΣΧΑΔΩΝ		
096135556	accepted	ΔΑΣΕ ΑΜΠΛΙΑΝΗΣ	1	ΔΑΣΕ ΑΜΠΛΙΑΝΗΣ	ΔΑΣΕ ΑΜΠΛΙΑΝΗΣ		
096135565	accepted	ΔΑΣΕ ΑΜΠΛΙΑΝΗΣ	20	ΔΑΣΙΚΟΣ ΣΥΝΕΤΑΙΡΙΣΜΟΣ ΑΜΠΛΙΑΝΗΣ	ΔΑΣΕ ΑΜΠΛΙΑΝΗΣ		
096135565	accepted	ΔΑΣΙΚΟΣ ΣΥΝΕΤΑΙΡΙΣΜΟΣ ΑΜΠΛΙΑΝΗΣ	2				
096135610	accepted	ΔΑΣΕ ΦΟΥΡΝΑΣ	8	ΔΑΣΕ ΦΟΥΡΝΑΣ	ΔΑΣΕ ΦΟΥΡΝΑΣ		
096135633	accepted	ΔΑΣΕ ΧΡΥΣΩΣ	10	ΔΑΣΕ ΧΡΥΣΩΣ	ΔΑΣΕ ΧΡΥΣΩΣ		
096136410	accepted	ΔΑΣΕ ΕΠΤΑΧΩΡΙΟΥ ΝΕΣΤΟΡΙΟΥ	4	ΔΑΣΕ ΕΠΤΑΧΩΡΙΟΥ ΝΕΣΤΟΡΙΟΥ	ΔΑΣΕ ΕΠΤΑΧΩΡΙΟΥ ΝΕΣΤΟΡΙΟΥ		
096136421	accepted	ΔΑΣΕ ΟΞΥΑΣ	4	ΔΑ.Σ.Ε. ΟΞΥΑΣ	ΔΑΣΕ ΟΞΥΑΣ		
096136421	accepted	ΔΑ.Σ.Ε. ΟΞΥΑΣ	1				
096136598	accepted	ΔΑΣΕ ΖΟΥΖΟΥΛΗΣ	3	ΔΑΣΕ ΖΟΥΖΟΥΛΗΣ	ΔΑΣΕ ΖΟΥΖΟΥΛΗΣ		
096136863	accepted	ΔΑΣΕ ΛΕΥΚΟΓΕΙΩΝ	42	ΔΑΣΕ ΛΕΥΚΟΓΕΙΩΝ	ΔΑΣΕ ΛΕΥΚΟΓΕΙΩΝ		
096136918	accepted	ΔΑΣΕ ΑΧΛΑΔΙΑΣ Ο ΠΛΟΥΤΟΣ	27	"ΔΑΣΕ ΑΧΛΑΔΙΑΣ ""Ο ΠΛΟΥΤΟΣ"""	ΔΑΣΕ ΑΧΛΑΔΙΑΣ Ο ΠΛΟΥΤΟΣ		
096136918	accepted	"ΔΑΣΕ ΑΧΛΑΔΙΑΣ ""Ο ΠΛΟΥΤΟΣ"""	23				
096136918	accepted	ΔΑΣΕ ΑΧΛΑΔΙΑΣ ΠΛΟΥΤΟΣ	6				
096136918	accepted	"ΑΧΛΑΔΙΑΣ ""Ο ΠΛΟΥΤΟΣ"	2				
096139122	accepted	ΔΑΣΕ ΣΚΡΑ	8	ΔΑΣΕ ΣΚΡΑ	ΔΑΣΕ ΣΚΡΑ		
096139226	accepted	ΔΑΣΕ ΚΑΡΠΗΣ	21	ΔΑΣΕ ΚΑΡΠΗΣ	ΔΑΣΕ ΚΑΡΠΗΣ		
096139238	accepted	ΔΑΣΕ ΓΡΙΒΑΣ ΠΑΙΟΝΙΑΣ & ΠΕΡΙΧΩΡΩΝ	13	ΔΑΣΕ ΓΡΙΒΑΣ ΠΑΙΟΝΙΑΣ & ΠΕΡΙΧΩΡΩΝ	ΔΑΣΕ ΓΡΙΒΑΣ ΠΑΙΟΝΙΑΣ & ΠΕΡΙΧΩΡΩΝ		
096139275	accepted	ΔΑΣΕ ΠΗΓΗΣ ΦΑΝΟΥ	19	ΔΑΣΕ ΠΗΓΗΣ ΦΑΝΟΥ	ΔΑΣΕ ΠΗΓΗΣ ΦΑΝΟΥ		
096147195	accepted	ΔΑΣΕ ΚΑΡΥΟΦΥΤΟΥ	9	ΔΑΣΙΚΟΣ ΣΥΝΕΤΑΙΡΙΣΜΟΣ ΕΡΓΑΣΙΑΣ ΚΑΡΥΟΦΥΤΟΥ «ΞΥΛΟΚΟΠΟΣ»	ΔΑΣΕ ΚΑΡΥΟΦΥΤΟΥ		
096147195	accepted	ΔΑΣΕ ΚΑΡΥΟΦΥΤΟΥ ΞΥΛΟΚΟΠΟΣ	7				
096147195	accepted	ΔΑ.Σ.Ε. ΚΑΡΥΟΦΥΤΟΥ	6				
096147195	accepted	"ΔΑΣΕ ΚΑΡΥΟΦΥΤΟΥ ""ΞΥΛΟΚΟΠΟΣ"""	4				
096147195	accepted	ΔΑΣΙΚΟΣ ΣΥΝΕΤΑΙΡΙΣΜΟΣ ΕΡΓΑΣΙΑΣ ΚΑΡΥΟΦΥΤΟΥ «ΞΥΛΟΚΟΠΟΣ»	1				
096156917	accepted	ΔΑΣΕ ΣΙΔΗΡΟΝΕΡΟΥ Η ΡΟΔΟΠΗ	6	ΔΑ.Σ.Ε.Σιδηρόνερου Δράμας η “Ροδόπη”	ΔΑΣΕ ΣΙΔΗΡΟΝΕΡΟΥ Η ΡΟΔΟΠΗ		
096156917	accepted	"ΔΑ.Σ.Ε. ΣΙΔΗΡΟΝΕΡΟΥ ""Η ΡΟΔΟΠΗ"""	2				
096156917	accepted	ΔΑ.Σ.Ε.Σιδηρόνερου Δράμας η “Ροδόπη”	2				
096157650	accepted	ΔΑ.Σ.Ε. ΙΣΩΜΑΤΟΣ	2	ΔΑ.Σ.Ε. ΙΣΩΜΑΤΟΣ	ΔΑ.Σ.Ε. ΙΣΩΜΑΤΟΣ		
096157662	accepted	ΔΑ.Σ.Ε. ΑΓΙΟΥ ΑΝΤΩΝΙΟΥ	3	ΔΑ.Σ.Ε. ΑΓΙΟΥ ΑΝΤΩΝΙΟΥ168	ΔΑ.Σ.Ε. ΑΓΙΟΥ ΑΝΤΩΝΙΟΥ		
096157662	accepted	ΔΑΣΕ ΑΓΙΟΥ ΑΝΤΩΝΙΟΥ	2				
096157662	accepted	ΔΑ.Σ.Ε. ΑΓΙΟΣ ΑΝΤΩΝΙΟΣ	1				
096157662	accepted	ΔΑ.Σ.Ε. ΑΓΙΟΥ ΑΝΤΩΝΙΟΥ168	1				
096160377	accepted	ΔΑΣΕ ΒΕΡΤΙΣΚΟΥ-ΟΣΣΑΣ	3	ΔΑΣΙΚΟΣ ΣΥΝΕΤΑΙΡΙΣΜΟΣ ΕΡΓΑΣΙΑΣ ΔΑΣΕ ΒΕΡΤΙΣΚΟΥ - ΟΣΣΑΣ	ΔΑΣΕ ΒΕΡΤΙΣΚΟΥ-ΟΣΣΑΣ		
096160377	accepted	ΔΑΣΙΚΟΣ ΣΥΝΕΤΑΙΡΙΣΜΟΣ ΕΡΓΑΣΙΑΣ ΔΑΣΕ ΒΕΡΤΙΣΚΟΥ - ΟΣΣΑΣ	3				
096178412	accepted	ΔΑΣΕ ΚΕΧΡΟΥ	6	ΑΦΜ ΔΑΣΕ ΚΕΧΡΟΥ	ΔΑΣΕ ΚΕΧΡΟΥ		
096178412	accepted	ΑΦΜ ΔΑΣΕ ΚΕΧΡΟΥ	1				
096178448	accepted	ΔΑΣΕ ΧΑΡΑΔΡΑΣ	7	ΔΑΣΙΚΟ ΣΥΝΕΤΑΙΡΙΣΜΟ ΕΡΓΑΣΙΑΣ ΧΑΡΑΔΡΑΣ ΚΕΧΡΟΥ ΠΕ ΡΟΔΟΠΗΣ	ΔΑΣΕ ΧΑΡΑΔΡΑΣ		
096178448	accepted	ΔΑ.Σ.Ε. ΧΑΡΑΔΡΑΣ	1				
096178448	accepted	ΔΑΣΙΚΟ ΣΥΝΕΤΑΙΡΙΣΜΟ ΕΡΓΑΣΙΑΣ ΧΑΡΑΔΡΑΣ ΚΕΧΡΟΥ ΠΕ ΡΟΔΟΠΗΣ	1				
096194018	accepted	ΔΑ.Σ.Ε. ΟΙ ΛΕΟΝΤΕΣ ΤΟΥ ΜΠΕΛΛΕΣ	4	"ΔΑ.Σ.Ε. ""ΟΙ ΛΕΟΝΤΕΣ ΤΟΥ ΜΠΕΛΛΕΣ"""	ΔΑ.Σ.Ε. ΟΙ ΛΕΟΝΤΕΣ ΤΟΥ ΜΠΕΛΛΕΣ		
096194018	accepted	"ΔΑ.Σ.Ε. ""ΟΙ ΛΕΟΝΤΕΣ ΤΟΥ ΜΠΕΛΛΕΣ"""	1				
096203333	accepted	ΔΑΣΕ ΚΑΡΔΑΜΟΥ	6	ΔΑΣΕ ΚΑΡΔΑΜΟΥ	ΔΑΣΕ ΚΑΡΔΑΜΟΥ		
096240840	accepted	ΔΑΣΙΚΟΣ ΣΥΝΕΤΑΙΡΙΣΜΟΣ ΣΚΟΤΙΝΑΣ	2	ΔΑΣΙΚΟΣ ΣΥΝΕΤΑΙΡΙΣΜΟΣ ΣΚΟΤΙΝΑΣ (ΔΑΣΕ)	ΔΑΣΙΚΟΣ ΣΥΝΕΤΑΙΡΙΣΜΟΣ ΣΚΟΤΙΝΑΣ		
096240840	accepted	ΔΑΣΙΚΟΣ ΣΥΝΕΤΑΙΡΙΣΜΟΣ ΣΚΟΤΙΝΑΣ (ΔΑΣΕ)	2				
096240840	accepted	ΔΑΣΙΚΟΣ ΣΥΝ/ΣΜΟΣ ΣΚΟΤΙΝΑΣ Ν.Π.Ι.Δ.	1				
099207976	accepted	ΔΑ.Σ.Ε. ¨Η ΕΡΥΘΡΟΕΛΑΤΗ¨ ΒΥΡΩΝΕΙΑΣ	1	ΔΑ.Σ.Ε. ¨Η ΕΡΥΘΡΟΕΛΑΤΗ¨ ΒΥΡΩΝΕΙΑΣ	ΔΑ.Σ.Ε. ¨Η ΕΡΥΘΡΟΕΛΑΤΗ¨ ΒΥΡΩΝΕΙΑΣ		
099240506	accepted	"ΔΑΣΕ ΠΟΤΑΜΩΝ ""ΔΡΥΣ"""	16	"ΔΑΣΕ ΠΟΤΑΜΩΝ ""ΔΡΥΣ"""	"ΔΑΣΕ ΠΟΤΑΜΩΝ ""ΔΡΥΣ"""		
099240506	accepted	ΔΑΣΕ ΠΟΤΑΜΩΝ ΔΡΥΣ	11				
099240506	accepted	"ΠΟΤΑΜΩΝ ""ΔΡΥΣ"""	2				
099240506	accepted	"ΔΑΣΕ ΠΟΤΑΜΩΝ ""ΔΡΥΣ¨"	1				
099240506	accepted	ΔΑΣΕ ΠΟΤΑΜΩΝ ΣΡΥΣ	1				
099240506	accepted	"ΔΣΑΕ ΠΟΤΑΜΩΝ ""ΔΡΥΣ"""	1				
099240543	accepted	"ΔΑΣΕ ΠΟΤΑΜΩΝ ""Ο ΑΕΤΟΣ"""	14	"ΔΑΣΕ ΠΟΤΑΜΩΝ ""Ο ΑΕΤΟΣ"""	"ΔΑΣΕ ΠΟΤΑΜΩΝ ""Ο ΑΕΤΟΣ"""		
099240543	accepted	ΔΑΣΕ ΠΟΤΑΜΩΝ Ο ΑΕΤΟΣ	13				
099240543	accepted	"ΔΑΣΕ ΠΟΤΑΜΩΝ ""ΑΕΤΟΣ"""	2				
099240543	accepted	ΔΑΣΕ Κ. ΝΕΥΡΟΚΟΠΙΟΥ	1				
099240543	accepted	ΔΑΣΕ ΠΟΤΑΜΩΝ ΑΕΤΟΣ	1				
099240543	accepted	"ΠΟΤΑΜΩΝ ""ΔΡΥΣ"""	1				
099240635	accepted	ΔΑΣΕ Κ. ΝΕΥΡΟΚΟΠΙΟΥ	25	"2.	ΔΑ.Σ.Ε Κ.ΝΕΥΡΟΚΟΠΙΟΥ ΔΡΑΜΑΣ"	ΔΑΣΕ Κ. ΝΕΥΡΟΚΟΠΙΟΥ		
099240635	accepted	ΔΑΣΕ Κ ΝΕΥΡΟΚΟΠΙΟΥ	2				
099240635	accepted	ΔΑΣΕ Κ. ΝΕΥΡΙΚΟΠΙΟΥ	2				
099240635	accepted	ΔΑΣΕ ΚΑΤΩ ΝΕΥΡΟΚΟΠΙΟΥ	2				
099240635	accepted	"2.	ΔΑ.Σ.Ε Κ.ΝΕΥΡΟΚΟΠΙΟΥ ΔΡΑΜΑΣ"	1				
099240635	accepted	ΔΑΣΕ ΝΕΥΡΟΚΟΠΙΟΥ	1				
099243730	accepted	"ΔΑΣΕ ΛΟΥΤΡΑΚΙΟΥ ΑΛΜΩΠΙΑΣ ""ΚΑΤΟΥΝΙΤΣΑ"""	1	"ΔΑΣΕ ΛΟΥΤΡΑΚΙΟΥ ΑΛΜΩΠΙΑΣ ""ΚΑΤΟΥΝΙΤΣΑ"""	"ΔΑΣΕ ΛΟΥΤΡΑΚΙΟΥ ΑΛΜΩΠΙΑΣ ""ΚΑΤΟΥΝΙΤΣΑ"""		
099243730	accepted	ΔΑΣΕ ΛΟΥΤΡΑΚΙΟΥ ΑΛΜΩΠΙΑΣ ΚΑΤΟΥΝΙΤΣΑ	1				
099244241	accepted	ΔΑΣΕ ΛΟΥΤΡΑΚΙΟΥ ΠΡΩΤΟΣ ΛΟΥΤΡΑΚΙΟΥ ΑΛΜΩΠΙΑΣ	2	ΔΑΣΕ ΛΟΥΤΡΑΚΙΟΥ ΠΡΩΤΟΣ ΛΟΥΤΡΑΚΙΟΥ ΑΛΜΩΠΙΑΣ	ΔΑΣΕ ΛΟΥΤΡΑΚΙΟΥ ΠΡΩΤΟΣ ΛΟΥΤΡΑΚΙΟΥ ΑΛΜΩΠΙΑΣ		
099244449	accepted	1 ΟΣ ΔΑΣΙΚΟΣ ΣΥΝΕΤΑΙΡΙΣΜΟΣ ΕΡΓΑΣΙΑΣ ΝΟΤΙΑΣ ΑΛΜΩΠΙΑΣ	1	1 ΟΣ ΔΑΣΙΚΟΣ ΣΥΝΕΤΑΙΡΙΣΜΟΣ ΕΡΓΑΣΙΑΣ ΝΟΤΙΑΣ ΑΛΜΩΠΙΑΣ	1 ΟΣ ΔΑΣΙΚΟΣ ΣΥΝΕΤΑΙΡΙΣΜΟΣ ΕΡΓΑΣΙΑΣ ΝΟΤΙΑΣ ΑΛΜΩΠΙΑΣ		
099244449	accepted	1ΟΣ ΔΑΣΙΚΟΣ ΣΥΝΕΤΑΙΡΙΣΜΟΣ ΕΡΓΑΣΙΑΣ ΝΟΤΙΑΣ ΑΛΜΩΠΙΑΣ	1				
099244449	accepted	1ος ΔΑΣΕ ΝΟΤΙΑΣ ΑΛΜΩΠΙΑΣ	1				
099244449	accepted	1ος ΔΑΣΕ ΝΟΤΙΑΣ ΑΛΜΩΠΙΑΣ ΠΕΛΛΑΣ	1				
099244449	accepted	1ος ΔΑΣΕ ΝΟΤΙΑΣ-ΑΛΜΩΠΙΑΣ	1				
099244449	accepted	ΔΑΣΕ 1ος ΔΑΣΕ ΝΟΤΙΑΣ ΑΛΜΩΠΙΑΣ	1				
099422688	accepted	ΑΓΡΟΤΙΚΟΣ ΔΑΣΙΚΟΣ ΣΥΝΕΤΑΙΡΙΣΜΟΣ ΛΑΡΙΣΑΣ	1	ΑΓΡΟΤΙΚΟΣ ΔΑΣΙΚΟΣ ΣΥΝΕΤΑΙΡΙΣΜΟΣ ΛΑΡΙΣΑΣ	ΑΓΡΟΤΙΚΟΣ ΔΑΣΙΚΟΣ ΣΥΝΕΤΑΙΡΙΣΜΟΣ ΛΑΡΙΣΑΣ		
099422688	accepted	ΔΑΣΙΚΟΣ ΑΓΡΟΤΙΚΟΣ ΣΥΝΕΤΑΙΡΙΣΜΟΣ ΛΑΡΙΣΑΣ	1				
099689971	accepted	ΔΑ.Σ.Ε. «ΑΚΡΙΤΑΣ» ΑΛΕΞΑΝΔΡΟΥΠΟΛΗΣ	1	ΔΑ.Σ.Ε. «ΑΚΡΙΤΑΣ» ΑΛΕΞΑΝΔΡΟΥΠΟΛΗΣ	ΔΑ.Σ.Ε. «ΑΚΡΙΤΑΣ» ΑΛΕΞΑΝΔΡΟΥΠΟΛΗΣ		
099694608	accepted	ΔΑΣΕ ΒΙΤΣΙΟΥ ΚΛΕΙΣΟΥΡΑΣ	5	ΔΑ.Σ.Ε. ΒΙΤΣΙΟΥ - ΚΛΕΙΣΟΥΡΑΣ	ΔΑΣΕ ΒΙΤΣΙΟΥ ΚΛΕΙΣΟΥΡΑΣ		
099694608	accepted	ΔΑ.Σ.Ε. ΒΙΤΣΙΟΥ - ΚΛΕΙΣΟΥΡΑΣ	3				
099714593	accepted	Α.ΔΑ.Σ.Ε ΚΑΣΤΑΝΙΑΣ - ΑΜΠΕΛΙΩΝ ΚΛΕΙΝΟΥ	1	Α.ΔΑ.Σ.Ε.ΚΑΣΤΑΝΙΑΣ & ΑΜΠΕΛΙΩΝ ΚΛΕΙΝΟΥ	Α.ΔΑ.Σ.Ε ΚΑΣΤΑΝΙΑΣ - ΑΜΠΕΛΙΩΝ ΚΛΕΙΝΟΥ		
099714593	accepted	Α.ΔΑ.Σ.Ε.ΚΑΣΤΑΝΙΑΣ & ΑΜΠΕΛΙΩΝ ΚΛΕΙΝΟΥ	1				
099714998	accepted	ΟΡΕΙΝΟΣ ΔΑΣΙΚΟΣ ΣΥΝ.ΧΡΥΣΟΜΗΛΙΑΣ	4	Ορεινού ΔΑ.Σ.Ε. Χρυσομηλιάς Καλαμπάκας	ΟΡΕΙΝΟΣ ΔΑΣΙΚΟΣ ΣΥΝ.ΧΡΥΣΟΜΗΛΙΑΣ		
099714998	accepted	Ορεινού ΔΑ.Σ.Ε. Χρυσομηλιάς Καλαμπάκας	4				
099714998	accepted	ΟΔΑΣΕ ΧΡΥΣΟΜΗΛΙΑΣ	3				
099714998	accepted	ΔΑ.Σ.Ε. Χρυσομηλιάς Καλαμπάκας	1				
099715160	accepted	5ος ΕΔΑΣΕ ΧΡΥΣΟΜΗΛΙΑΣ	8	5ος  ΕΛΕΥΘΕΡΟΣ ΔΑΣΙΚΟΣ ΣΥΝΕΤΑΙΡΙΣΜΟΣ ΕΡΓΑΣΙΑΣ ΧΡΥΣΟΜΗΛΙΑΣ ΚΑΛΑΜΠΑΚΑΣ	5ος ΕΔΑΣΕ ΧΡΥΣΟΜΗΛΙΑΣ		
099715160	accepted	5ος  ΕΛΕΥΘΕΡΟΣ ΔΑΣΙΚΟΣ ΣΥΝΕΤΑΙΡΙΣΜΟΣ ΕΡΓΑΣΙΑΣ ΧΡΥΣΟΜΗΛΙΑΣ ΚΑΛΑΜΠΑΚΑΣ	1				
099715610	accepted	ΟΔΑΣΕ ΜΗΛΙΑΣ ΚΑΛΑΜΠΑΚΑΣ	1	ΟΔΑΣΕ ΜΗΛΙΑΣ ΚΑΛΑΜΠΑΚΑΣ	ΟΔΑΣΕ ΜΗΛΙΑΣ ΚΑΛΑΜΠΑΚΑΣ		
099718353	accepted	ΔΑΣΕ ΕΛΑΦΟΥ Η ΠΑΝΑΓΙΑ ΚΑΜΠΑΝΑ	5	"ΔΑΣΕ ΕΛΑΦΟΥ ""Η ΠΑΝΑΓΙΑ ΚΑΜΠΑΝΑ"""	ΔΑΣΕ ΕΛΑΦΟΥ Η ΠΑΝΑΓΙΑ ΚΑΜΠΑΝΑ		
099718353	accepted	"ΔΑΣΕ ΕΛΑΦΟΥ"" Η ΠΑΝΑΓΙΑ ΚΑΜΠΑΝΑ"""	2				
099718353	accepted	"ΔΑΣΕ ΕΛΑΦΟΥ ""Η ΠΑΝΑΓΙΑ ΚΑΜΠΑΝΑ"""	1				
099742870	accepted	ΔΑΣΕ ΣΚΑΛΩΤΗΣ Η ΠΡΟΟΔΟΣ	12	Νέος ΔΑΣΙΚΟΣ ΣΥΝΕΤΑΙΡΙΣΜΟΣ Εργασίας Σκαλωτής ‘’Η Πρόοδος’’	ΔΑΣΕ ΣΚΑΛΩΤΗΣ Η ΠΡΟΟΔΟΣ		
099742870	accepted	Νέος ΔΑΣΙΚΟΣ ΣΥΝΕΤΑΙΡΙΣΜΟΣ Εργασίας Σκαλωτής ‘’Η Πρόοδος’’	2				
099742870	accepted	"ΔΑ.Σ.Ε. ΣΚΑΛΩΤΗΣ ""Η ΠΡΟΟΔΟΣ"""	1				
099922148	accepted	ΔΑ.Σ.Ε. ΦΛΕΓΚΑ ΠΕΡΙΒΟΛΙΟΥ	2	ΔΑΣΕ ΦΛΕΓΚΑ ΠΕΡΙΒΟΛΙΟΥ ΓΡΕΒΕΝΩΝ	ΔΑ.Σ.Ε. ΦΛΕΓΚΑ ΠΕΡΙΒΟΛΙΟΥ		
099922148	accepted	ΔΑ.Σ.Ε ΦΛΕΓΚΑ ΠΕΡΙΒΟΛΙΟΥ	1				
099922148	accepted	ΔΑΣΕ ΦΛΕΓΚΑ ΓΡΕΒΕΝΩΝ	1				
099922148	accepted	ΔΑΣΕ ΦΛΕΓΚΑ ΠΕΡΙΒΟΛΙΟΥ ΓΡΕΒΕΝΩΝ	1				
129346925	accepted	"ΔΑΣΙΚΟΣ ΣΥΝΕΤΑΙΡΙΣΜΟΣ ΜΟΥΧΑΣ ""Ο ΑΓΙΟΣ ΤΡΥΦΩΝ"""	2	"ΔΑΣΙΚΟΣ ΣΥΝΕΤΑΙΡΙΣΜΟΣ ΜΟΥΧΑΣ ""Ο ΑΓΙΟΣ ΤΡΥΦΩΝ"""	"ΔΑΣΙΚΟΣ ΣΥΝΕΤΑΙΡΙΣΜΟΣ ΜΟΥΧΑΣ ""Ο ΑΓΙΟΣ ΤΡΥΦΩΝ"""		
800255232	accepted	ΔΑΣΕ ΚΟΤΥΛΗΣ ΝΕΣΤΟΡΙΟΥ <<ΖΩΟΔΟΧΟΥ ΠΗΓΗΣ>>	3	ΔΑΣΕ ΚΟΤΥΛΗΣ ΝΕΣΤΟΡΙΟΥ <<ΖΩΟΔΟΧΟΥ ΠΗΓΗΣ>>>>	ΔΑΣΕ ΚΟΤΥΛΗΣ ΝΕΣΤΟΡΙΟΥ <<ΖΩΟΔΟΧΟΥ ΠΗΓΗΣ>>		
800255232	accepted	ΔΑΣΕ ΚΟΤΥΛΗΣ ΝΕΣΤΟΡΙΟΥ <<ΖΩΟΔΟΧΟΥ ΠΗΓΗΣ>>>>	3				
800255256	accepted	ΔΑΣΕ ΧΡΥΣΗΣ	2	ΔΑΣΕ ΧΡΥΣΗ ΓΡΑΜΜΟΣ ΣΥΝ/ΣΜΟΣ	ΔΑΣΕ ΧΡΥΣΗΣ		
800255256	accepted	ΔΑΣΕ ΧΡΥΣΗ ΓΡΑΜΜΟΣ ΣΥΝ/ΣΜΟΣ	1				
800255256	accepted	ΔΑΣΕ ΧΡΥΣΗΣ ΓΡΑΜΜΟΣ	1				
800255650	accepted	ΔΑΣΕ ΚΟΤΥΛΗΣ ΝΕΣΤΟΡΙΟΥ <<Ο ΠΥΡΓΟΣ>	3	ΔΑΣΕ ΚΟΤΥΛΗΣ ΝΕΣΤΟΡΙΟΥ <<Ο ΠΥΡΓΟΣ>>	ΔΑΣΕ ΚΟΤΥΛΗΣ ΝΕΣΤΟΡΙΟΥ <<Ο ΠΥΡΓΟΣ>		
800255650	accepted	ΔΑΣΕ ΚΟΤΥΛΗΣ ΝΕΣΤΟΡΙΟΥ <<Ο ΠΥΡΓΟΣ>>	2				
800282129	accepted	Β΄ΔΑΣΕ ΚΕΡΑΣΙΑΣ	4	Β' ΔΑΣΕ Κερασιάς	Β΄ΔΑΣΕ ΚΕΡΑΣΙΑΣ		
800282129	accepted	Β' ΔΑΣΕ Κερασιάς	1				
800282129	accepted	ΔΑΣΕ ΚΕΡΑΣΙΑΣ	1				
800282129	accepted	ΔΑΣΕ ΚΕΧΡΟΥ	1				
800282142	accepted	ΔΑΣΕ ΚΑΜΠΟΥ	7	ΔΑΣΕ ΚΑΜΠΟΥ	ΔΑΣΕ ΚΑΜΠΟΥ		
996509733	accepted	ΔΑΣΕ ΣΤΟΜΙΟΥ ΛΑΡΙΣΑΣ	4	ΔΑΣΕ ΣΤΟΜΙΟΥ ΛΑΡΙΣΑΣ	ΔΑΣΕ ΣΤΟΜΙΟΥ ΛΑΡΙΣΑΣ		
996511267	accepted	ΔΑΣΙΚΟΣ ΣΥΝΕΤΑΙΡΙΣΜΟΣ ΕΡΓΑΣΙΑΣ ΆΤΛΑΣ ΑΛΕΞ/ΠΟΛΗΣ	1	ΔΑΣΙΚΟΣ ΣΥΝΕΤΑΙΡΙΣΜΟΣ ΕΡΓΑΣΙΑΣ ΆΤΛΑΣ ΑΛΕΞ/ΠΟΛΗΣ ΕΒΡΟΥ	ΔΑΣΙΚΟΣ ΣΥΝΕΤΑΙΡΙΣΜΟΣ ΕΡΓΑΣΙΑΣ ΆΤΛΑΣ ΑΛΕΞ/ΠΟΛΗΣ		
996511267	accepted	ΔΑΣΙΚΟΣ ΣΥΝΕΤΑΙΡΙΣΜΟΣ ΕΡΓΑΣΙΑΣ ΆΤΛΑΣ ΑΛΕΞ/ΠΟΛΗΣ ΕΒΡΟΥ	1				
996514048	accepted	ΔΑΣΕ ΠΟΛΥΘΕΑΣ	1	ΔΑΣΕ ΠΟΛΥΘΕΑΣ	ΔΑΣΕ ΠΟΛΥΘΕΑΣ		
996514050	accepted	ΔΑΣΕ ΚΑΛΟΓΡΙΑΝΗΣ ΚΑΛΑΜΠΑΚΑΣ	3	ΔΑΣΕ ΚΑΛΟΓΡΙΑΝΗΣ ΚΑΛΑΜΠΑΚΑΣ	ΔΑΣΕ ΚΑΛΟΓΡΙΑΝΗΣ ΚΑΛΑΜΠΑΚΑΣ		
996514050	accepted	ΕΔΑΣΕ ΚΑΛΟΓΡΙΑΝΗΣ	1				
996535228	accepted	ΔΑΣΕ ΒΡΥΑ ΡΗΤΙΝΗΣ	2	Δασικός Συνεταιρισμός «Βρύας Ρητίνης»	ΔΑΣΕ ΒΡΥΑ ΡΗΤΙΝΗΣ		
996535228	accepted	ΔΑΣΕ ΒΡΥΑΣ ΡΗΤΙΝΗΣ	1				
996535228	accepted	Δασικός Συνεταιρισμός «Βρύας Ρητίνης»	1				
996622521	accepted	ΔΑΣΕ ΗΛΙΟΧΩΡΙΟΥ	2	ΔΑΣΕ ΗΛΙΟΧΩΡΙΟΥ	ΔΑΣΕ ΗΛΙΟΧΩΡΙΟΥ		
996631923	accepted	ΔΑ.Σ.Ε. ΒΟΪΟΥ ΚΟΖΑΝΗΣ	1	ΔΑ.Σ.Ε. ΒΟΪΟΥ ΚΟΖΑΝΗΣ	ΔΑ.Σ.Ε. ΒΟΪΟΥ ΚΟΖΑΝΗΣ		
996631923	accepted	ΔΑΣΕ ΒΟΙΟΥ ΚΟΖΑΝΗΣ	1				
996631935	accepted	ΔΑΣΕ ΑΝΩ ΒΟΙΟΥ Η ΑΓ. ΠΑΡΑΣΚΕΥΗ	1	ΔΑΣΕ ΑΝΩ ΒΟΙΟΥ Η ΑΓ. ΠΑΡΑΣΚΕΥΗ	ΔΑΣΕ ΑΝΩ ΒΟΙΟΥ Η ΑΓ. ΠΑΡΑΣΚΕΥΗ		
996632249	accepted	ΔΑΣΕ ΝΕΑΠΟΛΗΣ ΔΗΜΟΥ ΒΟΙΟΥ ΚΟΖΑΝΗΣ	1	ΔΑΣΕ ΝΕΑΠΟΛΗΣ ΔΗΜΟΥ ΒΟΙΟΥ ΚΟΖΑΝΗΣ	ΔΑΣΕ ΝΕΑΠΟΛΗΣ ΔΗΜΟΥ ΒΟΙΟΥ ΚΟΖΑΝΗΣ		
996700503	accepted	Δ.Α.Σ.Ε. ΦΛΩΡΙΝΑΣ  «ΝΕΟΣ»	7	ΔΑΣΙΚΟΣ ΣΥΝΕΤΑΙΡΙΣΜΟΣ ΕΡΓΑΣΙΑΣ ΦΛΩΡΙΝΑΣ -ΝΕΟΣ	Δ.Α.Σ.Ε. ΦΛΩΡΙΝΑΣ  «ΝΕΟΣ»		
996700503	accepted	ΔΑ.Σ.Ε. Φλώρινας «Νέος»	5				
996700503	accepted	ΔΑ.Σ.Ε. Φλώρινας «ΝΕΟΣ»	2				
996700503	accepted	ΔΑΣΙΚΟΣ ΣΥΝΕΤΑΙΡΙΣΜΟΣ ΕΡΓΑΣΙΑΣ ΦΛΩΡΙΝΑΣ -ΝΕΟΣ	1				
996700700	accepted	Δ.Α.Σ.Ε. ΤΟΠΙΚΩΝ ΚΟΙΝΟΤΗΤΩΝ ΑΝΩ ΥΔΡΟΥΣΑΣ, ΑΤΡΑΠΟΥ, ΠΟΛΥΠΟΤΑΜΟΥ ΚΑΙ ΣΥΝΟΙΚΙΣΜΟΥ ΣΙΜΟΥ ΙΩΑΝΝΙΔΗ, ΔΗΜΟΥ ΦΛΩΡΙΝΑΣ Π.Ε. ΦΛΩΡΙΝΑΣ «Η ΕΝΟΤΗΤΑ»	4	Δ.Α.Σ.Ε. ΤΟΠΙΚΩΝ ΚΟΙΝΟΤΗΤΩΝ ΑΝΩ ΥΔΡΟΥΣΑΣ, ΑΤΡΑΠΟΥ, ΠΟΛΥΠΟΤΑΜΟΥ ΚΑΙ ΣΥΝΟΙΚΙΣΜΟΥ ΣΙΜΟΥ ΙΩΑΝΝΙΔΗ, ΔΗΜΟΥ ΦΛΩΡΙΝΑΣ Π.Ε. ΦΛΩΡΙΝΑΣ «Η ΕΝΟΤΗΤΑ»	Δ.Α.Σ.Ε. ΤΟΠΙΚΩΝ ΚΟΙΝΟΤΗΤΩΝ ΑΝΩ ΥΔΡΟΥΣΑΣ, ΑΤΡΑΠΟΥ, ΠΟΛΥΠΟΤΑΜΟΥ ΚΑΙ ΣΥΝΟΙΚΙΣΜΟΥ ΣΙΜΟΥ ΙΩΑΝΝΙΔΗ, ΔΗΜΟΥ ΦΛΩΡΙΝΑΣ Π.Ε. ΦΛΩΡΙΝΑΣ «Η ΕΝΟΤΗΤΑ»		
996700700	accepted	ΔΑ.Σ.Ε. Τοπικών Κοινοτήτων Άνω Υδρούσας, Ατραπού, Πολυποτάμου & Συνοικισμού Σίμου Ιωαννίδη Δήμου Φλώρινας Π.Ε. Φλώρινας «Η ΕΝΟΤΗΤΑ»	2				
996700890	accepted	Δ.Α.Σ.Ε.  ΤΟΠΙΚΗΣ ΚΟΙΝΟΤΗΤΑΣ ΠΟΛΥΠΟΤΑΜΟΥ ΔΗΜΟΥ ΦΛΩΡΙΝΑΣ  «ΟΙ ΥΛΟΤΟΜΟΙ»	1	Δ.Α.Σ.Ε.  ΤΟΠΙΚΗΣ ΚΟΙΝΟΤΗΤΑΣ ΠΟΛΥΠΟΤΑΜΟΥ ΔΗΜΟΥ ΦΛΩΡΙΝΑΣ  «ΟΙ ΥΛΟΤΟΜΟΙ»	Δ.Α.Σ.Ε.  ΤΟΠΙΚΗΣ ΚΟΙΝΟΤΗΤΑΣ ΠΟΛΥΠΟΤΑΜΟΥ ΔΗΜΟΥ ΦΛΩΡΙΝΑΣ  «ΟΙ ΥΛΟΤΟΜΟΙ»		
996712631	accepted	ΔΑ.Σ.Ε. ΚΑΛΟΧΩΡΙΟΥ	2	ΔΑ.Σ.Ε. ΚΑΛΟΧΩΡΙΟΥ	ΔΑ.Σ.Ε. ΚΑΛΟΧΩΡΙΟΥ		
996713431	accepted	ΔΑΣΙΚΟ ΣΥΝΕΤΑΙΡΙΣΜΟ ΕΡΓΑΣΙΑΣ ΑΚΡΙΤΕΣ ΒΥΡΩΝΕΙΑΣ	1	ΔΑΣΙΚΟΣ ΣΥΝΕΤΑΙΡΙΣΜΟΣ ΕΡΓΑΣΙΑΣ ΟΙ ΑΚΡΙΤΕΣ ΒΥΡΩΝΕΙΑΣ	ΔΑΣΙΚΟ ΣΥΝΕΤΑΙΡΙΣΜΟ ΕΡΓΑΣΙΑΣ ΑΚΡΙΤΕΣ ΒΥΡΩΝΕΙΑΣ		
996713431	accepted	ΔΑΣΙΚΟΣ ΣΥΝΕΤΑΙΡΙΣΜΟΣ ΕΡΓΑΣΙΑΣ ΟΙ ΑΚΡΙΤΕΣ ΒΥΡΩΝΕΙΑΣ	1				
996713836	accepted	ΔΑΣΕ ΑΚΡΙΤΟΧΩΡΙΟΥ ΣΙΝΤΙΚΗΣ ΣΕΡΡΩΝ ΠΕΡΤΟΥΛΙ	1	ΔΑΣΕ ΑΚΡΙΤΟΧΩΡΙΟΥ ΣΙΝΤΙΚΗΣ ΣΕΡΡΩΝ ΠΕΡΤΟΥΛΙ	ΔΑΣΕ ΑΚΡΙΤΟΧΩΡΙΟΥ ΣΙΝΤΙΚΗΣ ΣΕΡΡΩΝ ΠΕΡΤΟΥΛΙ		
996730685	accepted	ΔΑΣΙΚΟΣ ΣΥΝΕΤΑΙΡΙΣΜΟΣ ΔΗΜΟΥ ΝΟΤΙΟΥ ΠΗΛΙΟΥ	1	ΔΑΣΙΚΟΣ ΣΥΝΕΤΑΙΡΙΣΜΟΣ ΔΗΜΟΥ ΝΟΤΙΟΥ ΠΗΛΙΟΥ	ΔΑΣΙΚΟΣ ΣΥΝΕΤΑΙΡΙΣΜΟΣ ΔΗΜΟΥ ΝΟΤΙΟΥ ΠΗΛΙΟΥ		
996775144	accepted	"ΔΑΣΕ ΣΩΤΗΡΙΤΣΑΣ ΛΑΡΙΣΑΣ ""Ο ΚΙΣΣΑΒΟΣ"""	3	"ΔΑΣΙΚΟΣ ΣΥΝΕΤΑΙΡΙΣΜΟΣ ΣΩΤΗΡΙΤΣΑΣ ΛΑΡΙΣΑΣ ""Ο ΚΙΣΑΒΟΣ"""	"ΔΑΣΕ ΣΩΤΗΡΙΤΣΑΣ ΛΑΡΙΣΑΣ ""Ο ΚΙΣΣΑΒΟΣ"""		
996775144	accepted	"ΔΑΣΙΚΟΣ ΣΥΝΕΤΑΙΡΙΣΜΟΣ ΣΩΤΗΡΙΤΣΑΣ ΛΑΡΙΣΑΣ ""Ο ΚΙΣΑΒΟΣ"""	3				
996775144	accepted	"ΔΑ.Σ.Ε. ΣΩΤΗΡΙΤΣΑΣ ΛΑΡΙΣΑΣ ""Ο ΚΙΣΣΑΒΟΣ"""	1				
996775144	accepted	ΔΑ.Σ.Ε. ΣΩΤΗΡΙΤΣΑΣ ΛΑΡΙΣΑΣ - “Ο ΚΙΣΣΑΒΟΣ	1				
996775144	accepted	ΔΑΣΕ ΣΩΤΗΡΙΤΣΑΣ ΛΑΡΙΣΑΣ	1				
996775144	accepted	ΔΑΣΕ ΣΩΤΗΡΙΤΣΑΣ Ο ΚΙΣΣΑΒΟΣ	1				
996777703	accepted	ΔΑΣΕ ΑΓΙΟΚΑΜΠΟΥ ΛΑΡΙΣΑΣ	7	Δασικός Συνεταιρισμός «Αγιόκαμπου Λαρίσης	ΔΑΣΕ ΑΓΙΟΚΑΜΠΟΥ ΛΑΡΙΣΑΣ		
996777703	accepted	ΔΑΣΕ  ΑΓΙΟΚΑΜΠΟΥ ΛΑΡΙΣΑΣ	3				
996777703	accepted	ΔΑΣΕ ΑΓΙΟΚΑΜΠΟΣ ΛΑΡΙΣΑΣ	2				
996777703	accepted	ΔΑΣΕ ΑΓΙΟΚΑΜΠΟΥ	2				
996777703	accepted	ΔΑΣΕ ΑΓΙΟΚΑΜΠΟΥ ΛΑΡΙΣΗΣ	2				
996777703	accepted	ΔΑ.Σ.Ε. Αγιοκάμπου Λάρισας	1				
996777703	accepted	ΔΑΣΕ ΑΓΙΟΚΑΜΠΟΣ	1				
996777703	accepted	Δασικός Συνεταιρισμός «Αγιόκαμπου Λαρίσης	1				
996811473	accepted	ΕΔΑΣΕ ΓΑΡΔΙΚΙΟΥ	4	ΕΔΑΣΕ ΓΑΡΔΙΚΙΟΥ ΤΡΙΚΑΛΩΝ	ΕΔΑΣΕ ΓΑΡΔΙΚΙΟΥ		
996811473	accepted	ΕΔΑΣΕ ΓΑΡΔΙΚΙΟΥ ΤΡΙΚΑΛΩΝ	2				
996811504	accepted	ΕΔΑΣΕ ΦΛΑΜΠΟΥΡΕΣΙΟΥ ΤΥΜΦΑΙΩΝ ΚΑΛΑΜΠΑΚΑΣ	4	ΕΔΑΣΕ ΦΛΑΜΠΟΥΡΕΣΙΟΥ ΤΥΜΦΑΙΩΝ ΚΑΛΑΜΠΑΚΑΣ	ΕΔΑΣΕ ΦΛΑΜΠΟΥΡΕΣΙΟΥ ΤΥΜΦΑΙΩΝ ΚΑΛΑΜΠΑΚΑΣ		
996811504	accepted	ΕΔΑΣΕ ΦΛΑΜΠΟΥΡΕΣΙΟΥ ΤΥΜΦΑΙΩΝ	3				
996811504	accepted	ΕΔΑΣΕ ΦΛΑΜΠΟΥΡΕΣΙΟΥ - ΤΥΜΦΑΙΩΝ	1				
996811553	accepted	ΟΔΑΣΕ ΑΜΑΡΑΝΤΟΥ ΚΑΙ ΚΛΕΙΝΟΥ	5	Ορεινός ΔΑ.Σ.Ε. Αμαράντου και Κλείνου Καλαμπάκας	ΟΔΑΣΕ ΑΜΑΡΑΝΤΟΥ ΚΑΙ ΚΛΕΙΝΟΥ		
996811553	accepted	ΔΑ.Σ.Ε. Αμαράντου-Κλεινού Καλαμπάκας	2				
996811553	accepted	Ορεινός ΔΑ.Σ.Ε. Αμαράντου και Κλείνου Καλαμπάκας	1				
996838737	accepted	ΔΑΣΕ ΦΛΑΜΠΟΥΡΑΡΙΟΥ ΖΑΓΟΡΙΟΥ	1	ΔΑΣΕ ΦΛΑΜΠΟΥΡΑΡΙΟΥ ΖΑΓΟΡΙΟΥ	ΔΑΣΕ ΦΛΑΜΠΟΥΡΑΡΙΟΥ ΖΑΓΟΡΙΟΥ		
996838749	accepted	ΔΑΣΙΚΟΣ ΣΥΝΕΤΑΙΡΙΣΜΟΣ ΕΡΓΑΣΙΑΣ ΒΟΒΟΥΣΑΣ Ο ΑΩΟΣ	1	ΔΑΣΙΚΟΣ ΣΥΝΕΤΑΙΡΙΣΜΟΣ ΕΡΓΑΣΙΑΣ ΒΟΒΟΥΣΑΣ Ο ΑΩΟΣ	ΔΑΣΙΚΟΣ ΣΥΝΕΤΑΙΡΙΣΜΟΣ ΕΡΓΑΣΙΑΣ ΒΟΒΟΥΣΑΣ Ο ΑΩΟΣ		
996838774	accepted	ΔΑΣΙΚΟΣ  ΣΥΝΕΤΑΙΡΙΣΜΟΣ ΕΡΓΑΣΙΑΣ ΔΙΣΤΡΑΤΟΥ Ο ΣΜΟΛΙΚΑΣ	1	ΔΑΣΙΚΟΣ  ΣΥΝΕΤΑΙΡΙΣΜΟΣ ΕΡΓΑΣΙΑΣ ΔΙΣΤΡΑΤΟΥ Ο ΣΜΟΛΙΚΑΣ	ΔΑΣΙΚΟΣ  ΣΥΝΕΤΑΙΡΙΣΜΟΣ ΕΡΓΑΣΙΑΣ ΔΙΣΤΡΑΤΟΥ Ο ΣΜΟΛΙΚΑΣ		
996838829	accepted	"ΔΑΣΕ ΑΝΗΛΙΟΥ ""Η ΑΓΙΑ ΠΑΡΑΣΚΕΥΗ"""	1	ΔΑΣΕ ΑΝΗΛΙΟΥ ¨Η ΑΓΙΑ ΠΑΡΑΣΚΕΥΗ¨	"ΔΑΣΕ ΑΝΗΛΙΟΥ ""Η ΑΓΙΑ ΠΑΡΑΣΚΕΥΗ"""		
996838829	accepted	ΔΑΣΕ ΑΝΗΛΙΟΥ ¨Η ΑΓΙΑ ΠΑΡΑΣΚΕΥΗ¨	1				
996838829	accepted	ΔΑΣΕ ΑΝΗΛΙΟΥ Η ΑΓΙΑ ΠΑΡΑΣΚΕΥΗ	1				
996838842	accepted	ΔΑ.Σ.Ε. ΒΟΒΟΥΣΑΣ ΤΟ ΑΡΚΟΥΔΟΡΕΜΑ	1	ΔΑΣΙΚΟΣ ΣΥΝΕΤΑΙΡΙΣΜΟΣ ΕΡΓΑΣΙΑΣ ΒΟΒΟΥΣΑΣ ΤΟ ΑΡΚΟΥΔΟΡΕΜΑ	ΔΑ.Σ.Ε. ΒΟΒΟΥΣΑΣ ΤΟ ΑΡΚΟΥΔΟΡΕΜΑ		
996838842	accepted	ΔΑΣΙΚΟΣ ΣΥΝΕΤΑΙΡΙΣΜΟΣ ΕΡΓΑΣΙΑΣ ΒΟΒΟΥΣΑΣ ΤΟ ΑΡΚΟΥΔΟΡΕΜΑ	1				
996838878	accepted	ΔΑΣΕ ΠΩΓΩΝΙΟΥ	2	ΔΑΣΕ ΠΩΓΩΝΙΟΥ	ΔΑΣΕ ΠΩΓΩΝΙΟΥ		
996838891	accepted	ΔΑΣΕ ΤΥΜΦΗΣ	3	ΔΑΣΙΚΟΣ ΣΥΝΕΤΑΙΡΙΣΜΟΣ ΕΡΓΑΣΙΑΣ ΤΥΜΦΗΣ	ΔΑΣΕ ΤΥΜΦΗΣ		
996838891	accepted	ΔΑΣΙΚΟΣ ΣΥΝΕΤΑΙΡΙΣΜΟΣ ΕΡΓΑΣΙΑΣ ΤΥΜΦΗΣ	1				
996840038	accepted	ΔΑ.Σ.Ε ΦΛΑΜΠΟΥΡΑΡΙΟΥ ΤΣΟΥΚΑ ΡΟΣΑ	6	ΔΑ.Σ.Ε ΦΛΑΜΠΟΥΡΑΡΙΟΥ ΤΣΟΥΚΑ ΡΟΣΑ	ΔΑ.Σ.Ε ΦΛΑΜΠΟΥΡΑΡΙΟΥ ΤΣΟΥΚΑ ΡΟΣΑ		
996840296	accepted	ΔΑΣΕ ΜΕΤΣΟΒΟΥ ¨Ο ΠΕΛΕΚΥΣ¨	3	ΔΑΣΕ ΜΕΤΣΟΒΟΥ ¨Ο ΠΕΛΕΚΥΣ¨	ΔΑΣΕ ΜΕΤΣΟΒΟΥ ¨Ο ΠΕΛΕΚΥΣ¨		
996840296	accepted	ΔΑΣΕ ΜΕΤΣΟΒΟΥ Ο ΠΕΛΕΚΥΣ	2				
996848036	accepted	ΔΑ.Σ.Ε Ελεύθερου Δασικού Συνεταιρισμού Εργασίας Αγριδίου	2	ΔΑ.Σ.Ε Ελεύθερου Δασικού Συνεταιρισμού Εργασίας Αγριδίου	ΔΑ.Σ.Ε Ελεύθερου Δασικού Συνεταιρισμού Εργασίας Αγριδίου		
996851495	accepted	ΔΑΣΕ ΠΡΟΦΗΤΗΣ ΗΛΙΑΣ	3	ΔΑΣΙΚΟΣ ΣΥΝΕΤΑΙΡΙΣΜΟΣ ΕΡΓΑΣΙΑΣ ΜΟΛΟΧΑΣ ΚΑΡΔΙΤΣΑΣ «Ο ΠΡΟΦΗΤΗΣ ΗΛΙΑΣ»	ΔΑΣΕ ΠΡΟΦΗΤΗΣ ΗΛΙΑΣ		
996851495	accepted	ΔΑΣΙΚΟΣ ΣΥΝΕΤΑΙΡΙΣΜΟΣ ΕΡΓΑΣΙΑΣ ΜΟΛΟΧΑΣ ΚΑΡΔΙΤΣΑΣ «Ο ΠΡΟΦΗΤΗΣ ΗΛΙΑΣ»	3				
996853532	accepted	996853532	1	ΔΑΣΙΚΟΣ ΣΥΝΕΤΑΙΡΙΣΜΟΣ ΕΡΓΑΣΙΑΣ ΓΑΡΕΦΕΙΟΥ-ΑΝΑΓΕΝΝΗΣΗ	996853532		
996853532	accepted	"ΔΑΣΕ ΓΑΡΕΦΙΟΥ ""ΑΝΑΓΕΝΝΗΣΗ"""	1				
996853532	accepted	ΔΑΣΙΚΟΣ ΣΥΝΕΤΑΙΡΙΣΜΟΣ ΕΡΓΑΣΙΑΣ ΓΑΡΕΦΕΙΟΥ-ΑΝΑΓΕΝΝΗΣΗ	1				
996853998	accepted	"ΔΑΣΕ ΘΕΟΔΩΡΑΚΕΙΟΥ "" ΚΙΝΗΜΑ ΑΛΛΑΓΗΣ"""	1	ΔΑΣΙΚΟΣ ΣΥΝΕΤΑΙΡΙΣΜΟΣ ΕΡΓΑΣΙΑΣ ΘΕΟΔΩΡΑΚΕΙΟΥ - ΚΙΝΗΜΑ ΑΛΛΑΓΗΣ	"ΔΑΣΕ ΘΕΟΔΩΡΑΚΕΙΟΥ "" ΚΙΝΗΜΑ ΑΛΛΑΓΗΣ"""		
996853998	accepted	ΔΑΣΕ ΘΕΟΔΩΡΑΚΕΙΟΥ - ΚΙΝΗΜΑ ΑΛΛΑΓΗΣ	1				
996853998	accepted	ΔΑΣΙΚΟΣ ΣΥΝΕΤΑΙΡΙΣΜΟΣ ΕΡΓΑΣΙΑΣ ΘΕΟΔΩΡΑΚΕΙΟΥ - ΚΙΝΗΜΑ ΑΛΛΑΓΗΣ	1				
996853998	accepted	ΔΑΣΙΚΟΣ ΣΥΝΕΤΑΙΡΙΣΜΟΣ ΘΕΟΔΩΡΑΚΕΙΟΥ	1				
996853998	accepted	ΔΑΣΙΚΟΣ ΣΥΝΕΤΑΙΡΙΣΜΟΣ ΘΕΟΔΩΡΑΚΕΙΟΥ - ΚΙΝΗΜΑ ΑΛΛΑΓΗΣ	1				
996854290	accepted	"ΔΑΣΕ ΠΡΟΜΑΧΩΝ "" Ο ΕΛΛΗΝ"""	1	"ΔΑΣΕ ΠΡΟΜΑΧΩΝ "" Ο ΕΛΛΗΝ"""	"ΔΑΣΕ ΠΡΟΜΑΧΩΝ "" Ο ΕΛΛΗΝ"""		
996854516	accepted	«ΔΑΣΙΚΟΣ ΣΥΝΕΤΑΙΡΙΣΜΟΣ ΕΡΓΑΣΙΑΣ ΒΟΡΕΙΝΟΥ ΑΛΜΩΠΙΑΣ «ΤΟ ΠΑΛΙΟ ΠΕΥΚΩΤΟ»	1	«ΔΑΣΙΚΟΣ ΣΥΝΕΤΑΙΡΙΣΜΟΣ ΕΡΓΑΣΙΑΣ ΒΟΡΕΙΝΟΥ ΑΛΜΩΠΙΑΣ «ΤΟ ΠΑΛΙΟ ΠΕΥΚΩΤΟ»	«ΔΑΣΙΚΟΣ ΣΥΝΕΤΑΙΡΙΣΜΟΣ ΕΡΓΑΣΙΑΣ ΒΟΡΕΙΝΟΥ ΑΛΜΩΠΙΑΣ «ΤΟ ΠΑΛΙΟ ΠΕΥΚΩΤΟ»		
996875014	accepted	ΔΑΣΕ ΚΥΡΙΑΚΟΧΩΡΙΟΥ & ΔΥΤΙΚΗΣ ΦΘΙΩΤΙΔΑΣ	16	ΔΑΣΕ ΚΥΡΙΑΚΟΧΩΡΙΟΥ ΚΑΙ ΔΥΤΙΚΗΣ ΦΘΙΩΤΙΔΑΣ	ΔΑΣΕ ΚΥΡΙΑΚΟΧΩΡΙΟΥ & ΔΥΤΙΚΗΣ ΦΘΙΩΤΙΔΑΣ		
996875014	accepted	ΔΑΣΕ ΚΥΡΙΑΚΟΧΩΡΙΟΥ ΚΑΙ ΔΥΤΙΚΗΣ ΦΘΙΩΤΙΔΑΣ	8				
996875014	accepted	ΔΑΣ ΚΥΡΙΑΚΟΧΩΡΙΟΥ ΚΑΙ ΔΥΤΙΚΗΣ ΦΘΙΩΤΙΔΑΣ	5				
996875014	accepted	ΔΑΣΕ ΠΥΡΓΟΥ - ΣΠΕΡΧΕΙΟΥ ΝΟΜΟΥ ΦΘΙΩΤΙΔΑΣ	1				
996875099	accepted	ΔΑΣΕ ΠΥΡΓΟΥ - ΣΠΕΡΧΕΙΟΥ ΝΟΜΟΥ ΦΘΙΩΤΙΔΑΣ	32	ΔΑΣΕ ΠΥΡΓΟΥ - ΣΠΕΡΧΕΙΟΥ ΝΟΜΟΥ ΦΘΙΩΤΙΔΑΣ	ΔΑΣΕ ΠΥΡΓΟΥ - ΣΠΕΡΧΕΙΟΥ ΝΟΜΟΥ ΦΘΙΩΤΙΔΑΣ		
996875099	accepted	ΔΑΣΕ ΚΥΡΙΑΚΟΧΩΡΙΟΥ & ΔΥΤΙΚΗΣ ΦΘΙΩΤΙΔΑΣ	2				
996879302	accepted	ΔΑ.Σ.Ε. ΚΑΜΒΟΥΝΙΩΝ ΛΙΒΑΔΕΡΟΥ	2	ΔΑ.Σ.Ε. ΚΑΜΒΟΥΝΙΩΝ ΛΙΒΑΔΕΡΟΥ	ΔΑ.Σ.Ε. ΚΑΜΒΟΥΝΙΩΝ ΛΙΒΑΔΕΡΟΥ		
996879302	accepted	ΔΑΣΕ ΚΑΜΒΟΥΝΙΩΝ ΛΙΒΑΔΕΡΟΥ	1				
996889971	accepted	ΔΑΣΙΚΟΣ ΣΥΝΕΤΑΙΡΙΣΜΟΣ ΕΡΓΑΣΙΑΣ ΑΚΡΙΤΑΣ ΑΛΕΞΑΝΔΡΟΥΠΟΛΗΣ	10	ΔΑΣΙΚΟΣ ΣΥΝΕΤΑΙΡΙΣΜΟΣ ΕΡΓΑΣΙΑΣ ΑΚΡΙΤΑΣ ΑΛΕΞΑΝΔΡΟΥΠΟΛΗΣ	ΔΑΣΙΚΟΣ ΣΥΝΕΤΑΙΡΙΣΜΟΣ ΕΡΓΑΣΙΑΣ ΑΚΡΙΤΑΣ ΑΛΕΞΑΝΔΡΟΥΠΟΛΗΣ		
996889971	accepted	ΔΑΣΕ ΑΚΡΙΤΑΣ ΑΛΕΞΑΝΔΡΟΥΠΟΛΗΣ	4				
996889971	accepted	ΔΑΣΕ ΑΚΡΙΤΑΣ	1				
996889971	accepted	ΔΑΣΙΚΟΣ ΣΥΝΕΤΑΙΡΙΣΜΟΣ ΕΡΓΑΣΙΑΣ ΑΚΡΙΤΑΣ	1				
996889971	accepted	ΔΑΣΙΚΟΣ ΣΥΝΕΤΑΙΡΙΣΜΟΣ ΕΡΓΑΣΙΑΣ ΑΚΡΙΤΑΣ ΑΛΕΞΑΝΔΡΟΎΠΟΛΗΣ	1				
996895246	accepted	ΔΑΣΙΚΟΣ ΣΥΝΕΤΑΙΡΙΣΜΟΣ ΕΡΓΑΣΙΑΣ ΜΙΣΤΡΟΥ ΑΓΙΟΣ ΚΥΠΡΙΑΝΟΣ	11	ΔΑΣΙΚΟΣ ΣΥΝΕΤΑΙΡΙΣΜΟΣ ΕΡΓΑΣΙΑΣ ΜΙΣΤΡΟΥ ΑΓΙΟΣ ΚΥΠΡΙΑΝΟΣ	ΔΑΣΙΚΟΣ ΣΥΝΕΤΑΙΡΙΣΜΟΣ ΕΡΓΑΣΙΑΣ ΜΙΣΤΡΟΥ ΑΓΙΟΣ ΚΥΠΡΙΑΝΟΣ		
996895246	accepted	ΔΑΣΕ ΜΙΣΤΡΟΥ	5				
996895246	accepted	ΔΑΣΕ ΜΙΣΤΡΟΥ ΑΓΙΟΣ ΚΥΠΡΙΑΝΟΣ	5				
996895246	accepted	"ΔΑΣΙΚΟΣ ΣΥΝ/ΣΜΟΣ ΕΡΓΑΣΙΑΣ ΜΙΣΤΡΟΥ ΑΓΙΟΣ ΚΥΠΡΙΑΝΟΣ"""	3				
996895246	accepted	ΔΑΣΙΚΟΣ ΣΥΝΕΤΑΙΡΙΣΜΟΣ ΕΡΓΑΣΙΑΣ	2				
996895246	accepted	ΔΑ.Σ.Ε. ΜΙΣΤΡΟΥ	1				
996895246	accepted	"ΔΑ.Σ.Ε. ΜΙΣΤΡΟΥ ""ΑΓΙΟΣ ΚΥΠΡΙΑΝΟΣ"""	1				
996895246	accepted	ΔΑ.Σ.Ε. Μίστρου “Άγιος Κυπριανός”	1				
996895246	accepted	ΔΑ.ΣΕ	1				
996895246	accepted	ΔΑ.ΣΕ ΜΙΣΤΡΟΥ ΑΓΙΟΣ ΚΥΠΡΙΑΝΟΣ	1				
996895246	accepted	ΔΑΣΕ Μίστρου “ΑΓΙΟΣ ΚΥΠΡΙΑΝΟΣ”	1				
996895246	accepted	ΔΑΣΙΚΟ ΣΥΝ/ΣΜΟ ΕΡΓΑΣΙΑΣ ΜΙΣΤΡΟΥ ΑΓΙΟΣ ΚΥΠΡΙΑΝΟΣ	1				
996895246	accepted	ΔΑΣΙΚΟΣ ΣΥΝ/ΣΜΟΣ ΕΡΓΑΣΙΑΣΣ ΜΙΣΤΡΟΥ ΑΓΙΟΣ ΚΥΠΡΙΑΝΟΣ	1				
996895246	accepted	ΔΑΣΙΚΟΣ ΣΥΝΕΤΑΙΡΙΣΜΟΣ ΕΡΓΑΣΙΑΣ ΜΙΣΤΡΟΥ-ΑΓ.ΚΥΠΡΙΑΝΟΣ	1				
996895246	accepted	ΔΑΣΙΚΟΣ ΣΥΝΕΤΕΡΙΣΜΟΣ ΕΡΓΑΣΙΑΣ ΜΙΣΤΡΟΥ	1				
996895246	accepted	Συν/σμος Εργασίας ΜΙΣΤΡΟΣ-ΑΓ.ΚΥΠΡΙΑΝΟΣ	1				
996957935	accepted	ΔΑΣΕ ΑΝΑΤΟΛΙΚΟΥ ΟΛΥΜΠΟΥ ΚΑΡΥΑΣ ΚΟΚΚΙΝΟΠΗΛΟΥ	8	ΔΑΣΕ ΑΝΑΤΟΛΙΚΟΥ ΟΛΥΜΠΟΥ-ΚΑΡΥΑΣ-ΚΟΚΚΙΝΟΠΗΛΟΥ	ΔΑΣΕ ΑΝΑΤΟΛΙΚΟΥ ΟΛΥΜΠΟΥ ΚΑΡΥΑΣ ΚΟΚΚΙΝΟΠΗΛΟΥ		
996957935	accepted	ΔΑΣΕ ΑΝΑΤΟΛΙΚΟΥ ΟΛΥΜΠΟΥ-ΚΑΡΥΑΣ-ΚΟΚΚΙΝΟΠΗΛΟΥ	4				
996957935	accepted	ΔΑΣΕ ΑΝΑΤΟΛΙΚΟΥ ΟΛΥΜΠΟΥ ΚΑΡΥΑΣ-ΚΟΚΚΙΝΟΠΗΛΟΥ	3				
996963038	accepted	"ΔΑ.Σ.Ε. Ν. ΠΕΤΡΙΤΣΙΟΥ ΣΙΝΤΙΚΗΣ ΣΕΡΡΩΝ  ""Η ΣΠΑΝΗ ΠΕΤΡΑ"""	3	ΔΑΣΙΚΟΣ ΣΥΝΕΤΑΙΡΙΣΜΟΣ ΕΡΓΑΣΙΑΣ ΣΙΝΤΙΚΗΣ ΣΕΡΡΩΝ ΣΠΑΝΗ ΠΕΤΡΑ	"ΔΑ.Σ.Ε. Ν. ΠΕΤΡΙΤΣΙΟΥ ΣΙΝΤΙΚΗΣ ΣΕΡΡΩΝ  ""Η ΣΠΑΝΗ ΠΕΤΡΑ"""		
996963038	accepted	"ΔΑ.Σ.Ε. ΝΕΟΥ ΠΕΤΡΙΤΣΙΟΥ ΣΙΝΤΙΚΗΣ ΣΕΡΡΩΝ  ""Η ΣΠΑΝΗ ΠΕΤΡΑ"""	3				
996963038	accepted	ΔΑΣΙΚΟΣ ΣΥΝΕΤΑΙΡΙΣΜΟΣ ΕΡΓΑΣΙΑΣ ΣΙΝΤΙΚΗΣ ΣΕΡΡΩΝ ΣΠΑΝΗ ΠΕΤΡΑ	2				
996963038	accepted	ΔΑ.Σ.Ε ΣΙΝΤΙΚΗΣ ΣΕΡΡΩΝ Η ΣΠΑΝΗ ΠΕΤΡΑ	1				
996963038	accepted	"ΔΑ.Σ.Ε. Ν. ΠΕΤΡΙΤΣΙΟΥ ΣΙΝΤΙΚΗΣ ΣΕΡΡΩΝ ""Η ΣΠΑΝΗ ΠΕΤΡΑ"""	1				
996963038	accepted	ΔΑΣΕ ΝΕΟΥ ΠΕΤΡΙΤΣΙΟΥ ΣΙΝΤΙΚΗΣ ΣΕΡΡΩΝ ΣΠΑΝΗ ΠΕΤΡΑ	1				
996963284	accepted	ΔΑΣΙΚΟΣ ΣΥΝΕΤΑΙΡΙΣΜΟΣ ΕΡΓΑΣΙΑΣ ΣΤΡΥΜΩΝΑ ΣΕΡΡΩΝ	1	ΔΑΣΙΚΟΣ ΣΥΝΕΤΑΙΡΙΣΜΟΣ ΕΡΓΑΣΙΑΣ ΣΤΡΥΜΩΝΑ ΣΕΡΡΩΝ	ΔΑΣΙΚΟΣ ΣΥΝΕΤΑΙΡΙΣΜΟΣ ΕΡΓΑΣΙΑΣ ΣΤΡΥΜΩΝΑ ΣΕΡΡΩΝ		
996972477	accepted	"ΔΑΣΕ ΑΧΛΑΔΙΑΣ ""Η ΠΡΟΟΔΟΣ"""	3	"ΔΑΣΕ ΑΧΛΑΔΙΑΣ ""Η ΠΡΟΟΔΟΣ"""	"ΔΑΣΕ ΑΧΛΑΔΙΑΣ ""Η ΠΡΟΟΔΟΣ"""		
996972533	accepted	ΔΑΣΕ ΠΑΡΑΝΕΣΤΙΟΥ ΔΡΑΜΑΣ ΤΟ ΦΡΑΚΤΟ	2	ΔΑΣΕ ΠΑΡΑΝΕΣΤΙΟΥ ΔΡΑΜΑΣ ΤΟ ΦΡΑΚΤΟ	ΔΑΣΕ ΠΑΡΑΝΕΣΤΙΟΥ ΔΡΑΜΑΣ ΤΟ ΦΡΑΚΤΟ		
997105908	accepted	ΔΑΣΕ ΝΕΣΤΩΡ ΝΕΣΤΟΡΙΟΥ	1	ΔΑΣΕ ΝΕΣΤΩΡ ΝΕΣΤΟΡΙΟΥ	ΔΑΣΕ ΝΕΣΤΩΡ ΝΕΣΤΟΡΙΟΥ		
997105908	accepted	ΔΑΣΙΕΤΑΙΡΙΣΜΟΣ ΕΡΓΑΣΙΑΣ ΝΕΣΤΩΡ ΝΕΣΤΟΡΙΟΥ	1				
997106512	accepted	"ΔΑΣΕ ΠΕΥΚΟΥ ΝΕΣΤΟΡΙΟΥ ""ΑΓΙΑ ΠΑΡΑΣΚΕΥΗ"""	1	ΔΑΣΕ ΠΕΥΚΟΥ ΝΕΣΤΟΡΙΟΥ <<ΑΓΙΑ ΠΑΡΑΣΚΕΥΗ>>	"ΔΑΣΕ ΠΕΥΚΟΥ ΝΕΣΤΟΡΙΟΥ ""ΑΓΙΑ ΠΑΡΑΣΚΕΥΗ"""		
997106512	accepted	ΔΑΣΕ ΠΕΥΚΟΥ ΝΕΣΤΟΡΙΟΥ ΑΓΙΑ ΠΑΡΑΣΚΕΥΗ	1				
997106512	accepted	ΔΑΣΕ ΠΕΥΚΟΥ ΝΕΣΤΟΡΙΟΥ <<ΑΓΙΑ ΠΑΡΑΣΚΕΥΗ>>	1				
997106512	accepted	ΔΑΣΕ ΚΥΨΕΛΗΣ <<ΑΓΙΑ ΠΑΡΑΣΚΕΥΗ>>	1				
997106524	accepted	"ΔΑ.Σ.Ε. ΕΠΤΑΧΩΡΙΟΥ ""ΑΓΙΑ ΠΑΡΑΣΚΕΥΗ"""	1	"ΔΑ.Σ.Ε. ΕΠΤΑΧΩΡΙΟΥ ""ΑΓΙΑ ΠΑΡΑΣΚΕΥΗ"""	"ΔΑ.Σ.Ε. ΕΠΤΑΧΩΡΙΟΥ ""ΑΓΙΑ ΠΑΡΑΣΚΕΥΗ"""		
997106813	accepted	ΔΑΣΕ ΝΕΟΥ ΟΙΚΙΣΜΟΥ ΚΟΡΕΣΤΕΙΩΝ	6	ΔΑ.Σ.Ε ΝΕΟΥ ΟΙΚΙΣΜΟΥ ΚΟΡΕΣΤΕΙΩΝ	ΔΑΣΕ ΝΕΟΥ ΟΙΚΙΣΜΟΥ ΚΟΡΕΣΤΕΙΩΝ		
997106813	accepted	ΔΑ.Σ.Ε ΝΕΟΥ ΟΙΚΙΣΜΟΥ ΚΟΡΕΣΤΕΙΩΝ	1				
997106874	accepted	ΔΑΣΕ Ο.Υ.Κ. ΔΗΜΟΥ ΚΑΣΤΟΡΙΑΣ	7	ΔΑΣΕ Ο.Υ.Κ. ΔΗΜΟΥ ΚΑΣΤΟΡΙΑΣ	ΔΑΣΕ Ο.Υ.Κ. ΔΗΜΟΥ ΚΑΣΤΟΡΙΑΣ		
997106930	accepted	ΔΑΣΕ ΟΙΚΙΣΜΟΥ ΚΥΨΕΛΗΣ	5	ΔΑΣΕ ΟΙΚΙΣΜΟΥ ΚΥΨΕΛΗΣ	ΔΑΣΕ ΟΙΚΙΣΜΟΥ ΚΥΨΕΛΗΣ		
997107232	accepted	ΔΑΣΕ ΝΕΣΤΟΡΙΟΥ	1	ΔΑΣΕ ΝΕΣΤΟΡΙΟΥ	ΔΑΣΕ ΝΕΣΤΟΡΙΟΥ		
997107397	accepted	ΔΑΣΕ ΚΑΣΤΟΡΙΑΣ ΑΓΙΟΣ ΠΑΝΤΕΛΕΗΜΟΝΑΣ	2	ΔΑΣΕ ΚΑΣΤΟΡΙΑΣ ΑΓΙΟΣ ΠΑΝΤΕΛΕΗΜΟΝΑΣ	ΔΑΣΕ ΚΑΣΤΟΡΙΑΣ ΑΓΙΟΣ ΠΑΝΤΕΛΕΗΜΟΝΑΣ		
997107397	accepted	ΤΣΟΥΛΟΥΦΑΣ ΙΩΑΝΝΗΣ	1				
997129709	accepted	ΔΑ.Σ.Ε. Περτουλίου «ΤΖΙΑΤΖΙΑΣ»	1	ΔΑΣΙΚΟΣ ΣΥΝ/ΣΜΟΣ ΕΡΓΑΣΙΑΣ ΠΕΡΤΟΥΛΙΟΥ - ΤΖΙΑΤΖΙΑΣ	ΔΑ.Σ.Ε. Περτουλίου «ΤΖΙΑΤΖΙΑΣ»		
997129709	accepted	ΔΑ.Σ.Ε. Περτουλίου Τρικάλων	1				
997129709	accepted	ΔΑΣΙΚΟΣ ΣΥΝ/ΣΜΟΣ ΕΡΓΑΣΙΑΣ ΠΕΡΤΟΥΛΙΟΥ - ΤΖΙΑΤΖΙΑΣ	1				
997171856	accepted	ΔΑΣΕ ΜΟΔΙΟΥ	9	Δασικός Συνεταιρισμός ΔΑΣΕ ΜΟΔΙΟΥ	ΔΑΣΕ ΜΟΔΙΟΥ		
997171856	accepted	Δασικός Συνεταιρισμός ΔΑΣΕ ΜΟΔΙΟΥ	2				
997172910	accepted	ΔΑΣΙΚΟ ΣΥΝΕΤΑΙΡΙΣΜΟ ΕΡΓΑΣΙΑΣ ΔΑΣΕ ΚΡΥΟΝΕΡΙΟΥ-ΕΝΩΣΗ	1	ΔΑΣΙΚΟ ΣΥΝΕΤΑΙΡΙΣΜΟ ΕΡΓΑΣΙΑΣ ΔΑΣΕ ΚΡΥΟΝΕΡΙΟΥ-ΕΝΩΣΗ	ΔΑΣΙΚΟ ΣΥΝΕΤΑΙΡΙΣΜΟ ΕΡΓΑΣΙΑΣ ΔΑΣΕ ΚΡΥΟΝΕΡΙΟΥ-ΕΝΩΣΗ		
997175401	accepted	"ΔΑΣΕ ΚΑΡΙΤΣΑΣ ""Ο ΣΤΑΥΡΟΣ"""	7	"ΔΑ.ΣΕ. ΚΑΡΙΤΣΑΣ ""Ο ΣΤΑΥΡΟΣ"""	"ΔΑΣΕ ΚΑΡΙΤΣΑΣ ""Ο ΣΤΑΥΡΟΣ"""		
997175401	accepted	ΔΑΣΕ ΚΑΡΙΤΣΑΣ Ο ΣΤΑΥΡΟΣ	6				
997175401	accepted	"ΔΑ.ΣΕ. ΚΑΡΙΤΣΑΣ ""Ο ΣΤΑΥΡΟΣ"""	5				
997175401	accepted	"ΔΑΣΕ ΚΑΡΙΤΣΑΣ ""Ο ΣΤΑΥΡΟΣ''"	2				
997175401	accepted	"ΔΑΣΕ ΚΑΡΙΤΣΑΣ""Ο ΣΤΑΥΡΟΣ"""	1				
997175425	accepted	"ΔΑΣΕ ΚΑΛΛΙΠΕΥΚΗΣ ""Η ΠΑΤΩΜΕΝΗ"""	11	ΔΑ.Σ.Ε. Καλλιπεύκης ΄΄Η ΠΑΤΩΜΕΝΗ΄΄	"ΔΑΣΕ ΚΑΛΛΙΠΕΥΚΗΣ ""Η ΠΑΤΩΜΕΝΗ"""		
997175425	accepted	ΔΑΣΕ ΚΑΛΛΙΠΕΥΚΗΣ Η ΠΑΤΩΜΕΝΗ	7				
997175425	accepted	ΔΑ.Σ.Ε. Καλλιπεύκης ΄΄Η ΠΑΤΩΜΕΝΗ΄΄	1				
997175425	accepted	"ΔΑ.ΣΕ ΚΑΛΛΙΠΕΥΚΗΣ ""Η ΠΑΤΩΜΕΝΗ"""	1				
997183530	accepted	"ΔΑ.ΣΕ. ΕΛΑΦΟΥ ΑΓΙΑΣ ΛΑΡΙΣΑΣ ""Η ΠΑΝΑΓΙΑ ΚΑΜΠΑΝΑ"""	5	"ΔΑ.ΣΕ. ΕΛΑΦΟΥ ΑΓΙΑΣ ΛΑΡΙΣΑΣ ""Η ΠΑΝΑΓΙΑ ΚΑΜΠΑΝΑ"""	"ΔΑ.ΣΕ. ΕΛΑΦΟΥ ΑΓΙΑΣ ΛΑΡΙΣΑΣ ""Η ΠΑΝΑΓΙΑ ΚΑΜΠΑΝΑ"""		
997183530	accepted	"ΔΑΣΕ ΕΛΑΦΟΥ ΑΓΙΑΣ ""Η ΠΑΝΑΓΙΑ ΚΑΜΠΑΝΑ"""	2				
997183530	accepted	"ΔΑΣΕ ΕΛΑΦΟΥ ΑΓΙΑΣ ΛΑΡΙΣΑΣ ""Η ΠΑΝΑΓΙΑ ΚΑΜΠΑΝΑ"""	2				
997183530	accepted	ΔΑΣΕ ΕΛΑΦΟΥ ΑΓΙΑΣ Η ΠΑΝΑΓΙΑ ΚΑΜΠΑΝΑ	1				
997208737	accepted	ΔΑΣΙΚΟΣ ΣΥΝΕΤΑΙΡΙΣΜΟΣ ΕΡΓΑΣΙΑΣ ΚΑΣΤΑΝΙΑΣ ΚΑΡΔΙΤΣΑΣ ''ΤΟ ΦΡΑΓΜΑ''	2	ΔΑΣΙΚΟΣ ΣΥΝΕΤΑΙΡΙΣΜΟΣ ΕΡΓΑΣΙΑΣ ΚΑΣΤΑΝΙΑΣ ΚΑΡΔΙΤΣΑΣ ''ΤΟ ΦΡΑΓΜΑ''	ΔΑΣΙΚΟΣ ΣΥΝΕΤΑΙΡΙΣΜΟΣ ΕΡΓΑΣΙΑΣ ΚΑΣΤΑΝΙΑΣ ΚΑΡΔΙΤΣΑΣ ''ΤΟ ΦΡΑΓΜΑ''		
997208737	accepted	ΔΑΣΕ ΚΑΣΤΑΝΙΑΣ	1				
997208737	accepted	ΔΑΣΕ ΚΑΣΤΑΝΙΑΣ ΚΑΡΔΙΤΣΑΣ ''ΤΟ ΦΡΑΓΜΑ''	1				
997225027	accepted	ΔΑ.Σ.Ε. ΕΠΤΑΛΟΦΟΥ	4	ΔΑ.Σ.Ε. ΕΠΤΑΛΟΦΟΥ	ΔΑ.Σ.Ε. ΕΠΤΑΛΟΦΟΥ		
997225027	accepted	ΔΑ.ΣΕ. ΕΠΤΑΛΟΦΟΥ	1				
997225027	accepted	ΔΑΣΕ ΕΠΤΑΛΟΦΟΥ	1				
997225390	accepted	ΔΑΣΕ ΠΕΝΤΑΛΟΦΟ - ΟΜΑΛΟΥ	1	ΔΑΣΕ ΠΕΝΤΑΛΟΦΟ - ΟΜΑΛΟΥ	ΔΑΣΕ ΠΕΝΤΑΛΟΦΟ - ΟΜΑΛΟΥ		
997225390	accepted	ΔΑΣΕ ΠΕΝΤΑΛΟΦΟΥ ΟΜΑΛΟΥ	1				
997225617	accepted	ΔΑ.Σ.Ε. ΟΙ ΜΑΚΕΔΟΝΕΣ ΚΙΛΚΙΣ	2	"ΔΑ.Σ.Ε. ΚΙΛΚΙΣ ""ΟΙ ΜΑΚΕΔΟΝΕΣ"""	ΔΑ.Σ.Ε. ΟΙ ΜΑΚΕΔΟΝΕΣ ΚΙΛΚΙΣ		
997225617	accepted	"ΔΑ.Σ.Ε. ΚΙΛΚΙΣ ""ΟΙ ΜΑΚΕΔΟΝΕΣ"""	1				
997225617	accepted	ΔΑ.ΣΕ. ΟΙ ΜΑΚΕΔΟΝΕΣ ΚΙΛΚΙΣ	1				
997225617	accepted	"ΔΑΣΕ ""ΟΙ ΜΑΚΕΔΟΝΕΣ"" ΚΙΛΚΙΣ"	1				
997225617	accepted	ΔΑΣΕ ΚΙΛΚΙΣ ΟΙ ΜΑΚΕΔΟΝΕΣ	1				
997225666	accepted	ΔΑ.Σ.Ε. ΚΡΟΥΣΣΩΝ	3	ΔΑ.Σ.Ε. ΚΡΟΥΣΣΩΝ	ΔΑ.Σ.Ε. ΚΡΟΥΣΣΩΝ		
997225666	accepted	ΔΑΣΕ ΚΡΟΥΣΣΩΝ	3				
997309155	accepted	ΔΑ.Σ.Ε. ΑΥΓΕΡΙΝΟΥ-ΝΕΑΠΟΛΗΣ «Η ΦΛΟΓΑ»	8	"ΔΑ.Σ.Ε. ΑΥΓΕΡΙΝΟΥ -ΝΕΑΠΟΛΗΣ ""Η ΦΛΟΓΑ"""	ΔΑ.Σ.Ε. ΑΥΓΕΡΙΝΟΥ-ΝΕΑΠΟΛΗΣ «Η ΦΛΟΓΑ»		
997309155	accepted	"ΔΑ.Σ.Ε. ΑΥΓΕΡΙΝΟΥ -ΝΕΑΠΟΛΗΣ ""Η ΦΛΟΓΑ"""	3				
997309155	accepted	"ΔΑΣΕ ΑΥΓΕΡΙΝΟΥ ΝΕΑΠΟΛΗΣ ""ΦΛΟΓΑ"""	2				
997309339	accepted	"ΔΑ.Σ.Ε. ΠΟΛΥΚΑΣΤΑΝΟΥ ΑΥΓΕΡΙΝΟΥ ""Ο ΚΛΕΨΙΟΣ"""	5	"ΔΑ.Σ.Ε. ΠΟΛΥΚΑΣΤΑΝΟΥ ΑΥΓΕΡΙΝΟΥ ""Ο ΚΛΕΨΙΟΣ"""	"ΔΑ.Σ.Ε. ΠΟΛΥΚΑΣΤΑΝΟΥ ΑΥΓΕΡΙΝΟΥ ""Ο ΚΛΕΨΙΟΣ"""		
997309339	accepted	ΔΑΣΕ ΠΟΛΥΚΑΣΤΑΝΟΥ ΑΥΓΕΡΙΝΟΥ Ο ΚΛΕΨΙΟΣ	1				
997357780	accepted	ΔΑΣΕ ΚΑΤΩ ΣΩΤΗΡΙΤΣΑΣ	18	ΔΑ.ΣΕ ΚΑΤΩ ΣΩΤΗΡΙΤΤΣΑΣ ΑΓΙΑΣ ΛΑΡΙΣΑΣ	ΔΑΣΕ ΚΑΤΩ ΣΩΤΗΡΙΤΣΑΣ		
997357780	accepted	ΔΑΣΕ ΚΑΤΩ ΣΩΤΗΡΙΤΣΑΣ ΑΓΙΑΣ ΛΑΡΙΣΑΣ	11				
997357780	accepted	ΔΑ.ΣΕ ΚΑΤΩ ΣΩΤΗΡΙΤΤΣΑΣ ΑΓΙΑΣ ΛΑΡΙΣΑΣ	2				
997454162	accepted	"ΔΑΣΕ ΓΑΡΕΦΕΙΟΥ "" ΤΑ ΤΣΕΚΟΥΡΙΑ"""	1	"ΔΑΣΕ ΓΑΡΕΦΕΙΟΥ "" ΤΑ ΤΣΕΚΟΥΡΙΑ"""	"ΔΑΣΕ ΓΑΡΕΦΕΙΟΥ "" ΤΑ ΤΣΕΚΟΥΡΙΑ"""		
997455552	accepted	ΔΑΣΕ ΠΕΡΙΚΛΕΙΑΣ ΟΙ ΜΑΧΗΤΕΣ	1	ΔΑΣΕ ΠΕΡΙΚΛΕΙΑΣ ΟΙ ΜΑΧΗΤΕΣ	ΔΑΣΕ ΠΕΡΙΚΛΕΙΑΣ ΟΙ ΜΑΧΗΤΕΣ		
997456026	accepted	Δ.Α.Σ.Ε. ΤΟΠΙΚΗΣ ΚΟΙΝΟΤΗΤΑΣ ΒΡΟΝΤΕΡΟΥ ΔΗΜΟΥ ΠΡΕΣΠΩΝ «Η ΑΓΙΑ ΠΑΡΑΣΚΕΥΗ»	8	Δ.Α.Σ.Ε. ΤΟΠΙΚΗΣ ΚΟΙΝΟΤΗΤΑΣ ΒΡΟΝΤΕΡΟΥ ΔΗΜΟΥ ΠΡΕΣΠΩΝ «Η ΑΓΙΑ ΠΑΡΑΣΚΕΥΗ»	Δ.Α.Σ.Ε. ΤΟΠΙΚΗΣ ΚΟΙΝΟΤΗΤΑΣ ΒΡΟΝΤΕΡΟΥ ΔΗΜΟΥ ΠΡΕΣΠΩΝ «Η ΑΓΙΑ ΠΑΡΑΣΚΕΥΗ»		
997456026	accepted	ΔΑ.Σ.Ε. Τοπικής Κοινότητας Βροντερού Δήμου Πρεσπών «Η Αγία Παρασκευή»	6				
997456026	accepted	ΔΑ.Σ.Ε. Τ.Κ. Βροντερού Δήμου Πρεσπών «Η Αγία Παρασκευή»	1				
997456026	accepted	ΔΑ.Σ.Ε. Τοπικής Κοινοτήτας Βροντερού Δήμου Πρεσπών «Η ΑΓΙΑ ΠΑΡΑΣΚΕΥΗ»	1				
997456155	accepted	ΔΑ.Σ.Ε. Τοπικής Κοινότητας Αγίου Γερμανού Δήμου Πρεσπών «Ο Κότσιφας»	5	ΔΑ.Σ.Ε. Τοπικής Κοινότητας Αγίου Γερμανού Δήμου Πρεσπών «Ο Κότσιφας»	ΔΑ.Σ.Ε. Τοπικής Κοινότητας Αγίου Γερμανού Δήμου Πρεσπών «Ο Κότσιφας»		
997456155	accepted	ΔΑ.Σ.Ε. Τ.Κ. Αγίου Γερμανού Δήμου Πρεσπών «Ο Κότσιφας»	1				
997456769	accepted	Δ.Α.Σ.Ε. ΤΟΠΙΚΩΝ ΚΟΙΝΟΤΗΤΩΝ  ΑΚΡΙΤΑ, ΑΛΩΝΩΝ, ΦΛΑΜΠΟΥΡΟΥ ΔΗΜΟΥ ΦΛΩΡΙΝΑΣ	1	Δ.Α.Σ.Ε. ΤΟΠΙΚΩΝ ΚΟΙΝΟΤΗΤΩΝ  ΑΚΡΙΤΑ, ΑΛΩΝΩΝ, ΦΛΑΜΠΟΥΡΟΥ ΔΗΜΟΥ ΦΛΩΡΙΝΑΣ	Δ.Α.Σ.Ε. ΤΟΠΙΚΩΝ ΚΟΙΝΟΤΗΤΩΝ  ΑΚΡΙΤΑ, ΑΛΩΝΩΝ, ΦΛΑΜΠΟΥΡΟΥ ΔΗΜΟΥ ΦΛΩΡΙΝΑΣ		
997458622	accepted	Δ.Α.Σ.Ε. ΞΙΝΟΥ ΝΕΡΟΥ ΔΗΜΟΥ ΑΜΥΝΤΑΙΟΥ  «ΤΟ ΡΑΝΤΟΣΙ»	1	Δ.Α.Σ.Ε. ΞΙΝΟΥ ΝΕΡΟΥ ΔΗΜΟΥ ΑΜΥΝΤΑΙΟΥ  «ΤΟ ΡΑΝΤΟΣΙ»	Δ.Α.Σ.Ε. ΞΙΝΟΥ ΝΕΡΟΥ ΔΗΜΟΥ ΑΜΥΝΤΑΙΟΥ  «ΤΟ ΡΑΝΤΟΣΙ»		
997458622	accepted	"ΔΑΣΕ ΞΙΝΟΥ ΝΕΡΟΥ ""ΤΟ ΡΑΝΤΟΣΙ"""	1				
997458622	accepted	του ΔΑ.Σ.Ε. Ξινού Νερού «Το Ραντόσι»	1				
997600354	accepted	"ΔΑΣΕ ΑΡΧΑΓΓΕΛΟΥ "" Αγία Παρασκευή"""	1	"ΔΑΣΕ ΑΡΧΑΓΓΕΛΟΥ "" Αγία Παρασκευή"""	"ΔΑΣΕ ΑΡΧΑΓΓΕΛΟΥ "" Αγία Παρασκευή"""		
997600354	accepted	"ΔΑΣΕ ΓΑΡΕΦΕΙΟΥ "" Αγία Παρασκευή"""	1				
997600378	accepted	"ΔΑΣΕ ΑΡΧΑΓΓΕΛΟΥ "" ΤΟ ΠΑΪΚΟ"""	1	"ΔΑΣΕ ΑΡΧΑΓΓΕΛΟΥ "" ΤΟ ΠΑΪΚΟ"""	"ΔΑΣΕ ΑΡΧΑΓΓΕΛΟΥ "" ΤΟ ΠΑΪΚΟ"""		
997600378	accepted	ΔΑΣΕ ΑΡΧΑΓΓΕΛΟΥ ΤΟ ΠΑΙΚΟ	1				
997600446	accepted	"ΔΑΣΕ ΣΩΣΑΝΔΡΑΣ "" ΤΑ ΕΛΑΤΗΡΙΑ"""	2	"ΔΑΣΕ ΣΩΣΑΝΔΡΑΣ "" ΤΑ ΕΛΑΤΗΡΙΑ"""	"ΔΑΣΕ ΣΩΣΑΝΔΡΑΣ "" ΤΑ ΕΛΑΤΗΡΙΑ"""		
997650702	accepted	ΔΑΣΙΚΟΣ ΣΥΝΕΤΑΙΡΙΣΜΟΣ ΕΡΓΑΣΙΑΣ ΝΕΡΑΙΔΑΣ ΚΑΡΔΙΤΣΑΣ ''Ο ΜΕΓΔΟΒΑΣ''	2	ΔΑΣΙΚΟΣ ΣΥΝΕΤΑΙΡΙΣΜΟΣ ΕΡΓΑΣΙΑΣ ΝΕΡΑΙΔΑΣ ΚΑΡΔΙΤΣΑΣ ''Ο ΜΕΓΔΟΒΑΣ''	ΔΑΣΙΚΟΣ ΣΥΝΕΤΑΙΡΙΣΜΟΣ ΕΡΓΑΣΙΑΣ ΝΕΡΑΙΔΑΣ ΚΑΡΔΙΤΣΑΣ ''Ο ΜΕΓΔΟΒΑΣ''		
997650702	accepted	ΔΑ.Σ.Ε. ΝΕΡΑΪΔΑΣ «ΟΜΕΓΔΟΒΑΣ»	1				
997650702	accepted	ΔΑ.Σ.Ε. Νεράϊδας Καρδίτσας ‘Ο ΜΕΓΔΟΒΑΣ’	1				
997650702	accepted	ΔΑΣΕ ΝΕΡΑΙΔΑΣ ΚΑΡΔΙΤΣΑΣ ''Ο ΜΕΓΔΟΒΑΣ''	1				
997650702	accepted	"ΔΑΣΙΚΟΣ ΣΥΝΕΤΑΙΡΙΣΜΟΣ ""ΜΕΓΔΟΒΑ"""	1				
997650702	accepted	ΔΑΣΙΚΟΣ ΣΥΝΕΤΑΙΡΙΣΜΟΣ ΕΡΓΑΣΙΑΣ ΝΕΡΑΪΔΑΣ ''ΜΕΓΔΟΒΑΣ''	1				
997841856	accepted	«Δ.Α.Σ.Ε.ΚΥΨΕΛΗΣ  ‘’Η ΑΓΙΑ ΠΑΡΑΣΚΕΥΗ  »	2	«Δ.Α.Σ.Ε.ΚΥΨΕΛΗΣ  ‘’Η ΑΓΙΑ ΠΑΡΑΣΚΕΥΗ  »	«Δ.Α.Σ.Ε.ΚΥΨΕΛΗΣ  ‘’Η ΑΓΙΑ ΠΑΡΑΣΚΕΥΗ  »		
997841856	accepted	ΔΑΣΕ ΚΥΨΕΛΗΣ ΑΓΙΑ ΠΑΡΑΣΚΕΥΗ	2				
997841856	accepted	Δ.Α.Σ.Ε ΚΥΨΕΛΗΣ	1				
997841856	accepted	"Δ.Α.Σ.Ε. ΚΥΨΕΛΗΣ ""Η ΑΓΙΑ ΠΑΡΑΣΚΕΥΗ"""	1				
997841856	accepted	ΔΑΣΕ ΚΥΨΕΛΗΣ-Η Αγία Παρασκευή	1				
997922367	accepted	ΔΑ.Σ.Ε. ΓΟΡΓΙΑΝΗΣ	3	ΔΑ.Σ.Ε. ΓΟΡΓΙΑΝΗΣ	ΔΑ.Σ.Ε. ΓΟΡΓΙΑΝΗΣ		
997922367	accepted	ΔΑ.Σ.Ε ΓΟΡΓΙΑΝΗΣ	1				
997922945	accepted	ΔΑ.Σ.Ε. ΔΕΣΚΑΤΗΣ Η ΒΟΥΝΑΣΙΑ	4	ΔΑ.Σ.Ε. ΔΕΣΚΑΤΗΣ Η ΒΟΥΝΑΣΙΑ	ΔΑ.Σ.Ε. ΔΕΣΚΑΤΗΣ Η ΒΟΥΝΑΣΙΑ		
997961590	accepted	ΔΑ.Σ.Ε. ΔΙΒΟΥΝΟΥ	4	ΔΑ.Σ.Ε. ΔΙΒΟΥΝΟΥ	ΔΑ.Σ.Ε. ΔΙΒΟΥΝΟΥ		
997961590	accepted	ΔΑΣΕ ΔΙΒΟΥΝΟΥ	1				
997962709	accepted	ΔΑΣΕ ΠΑΙΚΟ ΠΑΙΟΝΙΑΣ	8	ΔΑ.Σ.Ε. ΠΑΙΚΟΥ ΠΑΙΟΝΙΑΣ	ΔΑΣΕ ΠΑΙΚΟ ΠΑΙΟΝΙΑΣ		
997962709	accepted	ΔΑ.Σ.Ε. ΠΑΙΚΟ ΠΑΙΟΝΙΑΣ	2				
997962709	accepted	ΔΑ.Σ.Ε. ΠΑΙΚΟΥ ΠΑΙΟΝΙΑΣ	1				
997962709	accepted	ΔΑΣΕ ΠΑΙΚΟΥ ΠΑΙΟΝΙΑΣ	1				
997962709	accepted	ΔΑΣΕ ΠΑΪΚΟ ΠΑΙΟΝΙΑΣ	1				
998121076	accepted	ΔΑΣΕ ΚΑΡΟΠΛΕΣΙΟΥ ΚΑΡΔΙΤΣΑΣ ''ΔΟΛΟΠΕΣ - ΣΑΙΚΑ''	1	ΔΑΣΕ ΚΑΡΟΠΛΕΣΙΟΥ ΚΑΡΔΙΤΣΑΣ ''ΔΟΛΟΠΕΣ - ΣΑΙΚΑ''	ΔΑΣΕ ΚΑΡΟΠΛΕΣΙΟΥ ΚΑΡΔΙΤΣΑΣ ''ΔΟΛΟΠΕΣ - ΣΑΙΚΑ''		
998155971	accepted	ΔΑΣΕ ΒΩΛΑΚΑ ΑΓΙΟΣ ΠΑΥΛΟΣ	11	"ΔΑ.Σ.Ε. ΒΩΛΑΚΑ ""ΑΓ. ΠΑΥΛΟΣ"""	ΔΑΣΕ ΒΩΛΑΚΑ ΑΓΙΟΣ ΠΑΥΛΟΣ		
998155971	accepted	ΔΑΣΕ ΒΩΛΑΚΑ ΑΓ. ΠΑΥΛΟΣ	10				
998155971	accepted	"ΔΑ.Σ.Ε. ΒΩΛΑΚΑ ""ΑΓ. ΠΑΥΛΟΣ"""	3				
998155971	accepted	ΔΑΣΕ ΒΩΛΑΚΑΣ ΑΓΙΟΣ ΠΑΥΛΟΣ	1				
998494225	accepted	ΔΑ.Σ.Ε. Προμάχων Αλμωπίας «Νέα Δύναμη»	2	ΔΑ.Σ.Ε. Προμάχων Αλμωπίας «Νέα Δύναμη»	ΔΑ.Σ.Ε. Προμάχων Αλμωπίας «Νέα Δύναμη»		
998494225	accepted	"ΔΑΣΕ ΠΡΟΜΑΧΩΝ ΑΛΜΩΠΙΑΣ "" ΝΕΑ ΔΥΝΑΜΗ"""	1				
998494796	accepted	"ΔΑΣΕ ΠΡΟΜΑΧΩΝ ""Τα Μακεδονικά Αλυσοπρίονα"""	1	ΔΑΣΙΚΟΣ ΣΥΝΕΤΑΙΡΙΣΜΟΣ ΠΡΟΜΑΧΩΝ ΤΑ ΜΑΚΕΔΟΝΙΚΑ ΑΛΥΣΟΠΡΙΟΝΑ	"ΔΑΣΕ ΠΡΟΜΑΧΩΝ ""Τα Μακεδονικά Αλυσοπρίονα"""		
998494796	accepted	ΔΑΣΕ ΠΡΟΜΑΧΩΝ Τα Μακεδονικά Αλυσοπρίονα	1				
998494796	accepted	ΔΑΣΙΚΟΣ ΣΥΝΕΤΑΙΡΙΣΜΟΣ ΠΡΟΜΑΧΩΝ ΤΑ ΜΑΚΕΔΟΝΙΚΑ ΑΛΥΣΟΠΡΙΟΝΑ	1				
998495117	accepted	ΔΑΣΕ ΠΡΟΜΑΧΩΝ ΤΑ ΜΑΚΕΔΟΝΙΚΑ ΤΣΕΚΟΥΡΙΑ	1	ΔΑΣΕ ΠΡΟΜΑΧΩΝ ΤΑ ΜΑΚΕΔΟΝΙΚΑ ΤΣΕΚΟΥΡΙΑ	ΔΑΣΕ ΠΡΟΜΑΧΩΝ ΤΑ ΜΑΚΕΔΟΝΙΚΑ ΤΣΕΚΟΥΡΙΑ		
998638016	accepted	ΔΑΣΕ ΣΚΑΛΩΤΗΣ ΑΓ. ΙΩΑΝΝΗΣ	1	ΔΑΣΕ ΣΚΑΛΩΤΗΣ ΑΓΙΟΣ ΙΩΑΝΝΗΣ	ΔΑΣΕ ΣΚΑΛΩΤΗΣ ΑΓ. ΙΩΑΝΝΗΣ		
998638016	accepted	ΔΑΣΕ ΣΚΑΛΩΤΗΣ ΑΓΙΟΣ ΙΩΑΝΝΗΣ	1				
998736267	accepted	ΔΑΣΕ ΡΕΥΜΑΤΟΣ Η ΧΑΪΝΤΟΥ	15	"ΔΑΣΕ: ΡΕΥΜΑΤΟΣ""Η ΧΑΪΝΤΟΥ"""	ΔΑΣΕ ΡΕΥΜΑΤΟΣ Η ΧΑΪΝΤΟΥ		
998736267	accepted	"ΔΑΣΕ ΡΕΥΜΑΤΟΣ""Η ΧΑΪΝΤΟΥ"""	11				
998736267	accepted	"ΔΑΣΕ:ΡΕΥΜΑΤΟΣ""Η ΧΑΪΝΤΟΥ"""	8				
998736267	accepted	ΔΑΣΕ ΒΟΡΕΙΟΣ ΗΠΕΙΡΟΣ	1				
998736267	accepted	"ΔΑΣΕ ΡΕΥΜΑΤΟΣ ""Η ΧΑΙΝΤΟΥ"""	1				
998736267	accepted	"ΔΑΣΕ: ΡΕΥΜΑΤΟΣ""Η ΧΑΪΝΤΟΥ"""	1				
998736267	accepted	"ΔΑΣΕ:ΡΕΥΜΑΤΟΣ¨Η ΧΑΪΝΤΟΥ¨"""	1				
998743209	accepted	ΔΑΣΕ ΑΓΙΑ ΒΑΡΒΑΡΑ	5	ΔΑΣΕ ΑΓΙΑΣ ΒΑΡΒΑΡΑΣ	ΔΑΣΕ ΑΓΙΑ ΒΑΡΒΑΡΑ		
998743209	accepted	ΔΑΣΕ Αγία Βαρβάρα	3				
998743209	accepted	ΔΑΣΕ ΑΓΙΑΣ ΒΑΡΒΑΡΑΣ	1				
998752347	accepted	ΣΤ ΄ΕΔΑΣΕ ΧΡΥΣΟΜΗΛΙΑΣ ΚΑΙ ΠΑΛΑΙΟΧΩΡΙΟΥ	1	ΣΤ ΄ΕΔΑΣΕ ΧΡΥΣΟΜΗΛΙΑΣ ΚΑΙ ΠΑΛΑΙΟΧΩΡΙΟΥ	ΣΤ ΄ΕΔΑΣΕ ΧΡΥΣΟΜΗΛΙΑΣ ΚΑΙ ΠΑΛΑΙΟΧΩΡΙΟΥ		
998752716	accepted	ΠΡΟΤΥΠΟΣ .ΔΑ.ΣΕ ΧΡΥΣΟΜΗΛΙΑΣ	2	ΠΡΟΤΥΠΟΣ ΔΑ.Σ.Ε. Χρυσομηλιάς Καλαμπάκας	ΠΡΟΤΥΠΟΣ .ΔΑ.ΣΕ ΧΡΥΣΟΜΗΛΙΑΣ		
998752716	accepted	ΔΑ.Σ.Ε Πρότυπος Χρυσομηλιάς Καλαμπάκας	1				
998752716	accepted	ΔΑ.Σ.Ε. Πρότυπος Χρυσομηλιάς Καλαμπάκας	1				
998752716	accepted	ΠΔΑΣΕ ΧΡΥΣΟΜΗΛΙΑΣ	1				
998752716	accepted	ΠΡΟΤΥΠΟΣ ΔΑ.Σ.Ε. Χρυσομηλιάς Καλαμπάκας	1				
998752716	accepted	ΠΡΩΤΥΠΟΣ ΔΑΣΕ ΧΡΥΣΟΜΗΛΙΑΣ ΚΑΛΑΜΠΑΚΑΣ	1				
998977284	accepted	ΔΑΣΙΚΟΣ ΣΥΝΕΤΑΙΡΙΣΜΟΣ ΕΡΓΑΣΙΑΣ ΑΝΩ ΒΡΟΝΤΟΥΣ ΑΓΙΟΣ ΔΗΜΗΤΡΙΟΣ	14	ΔΑΣΙΚΟΣ ΣΥΝΕΤΑΙΡΙΣΜΟΣ ΕΡΓΑΣΙΑΣ ΑΝΩ ΒΡΟΝΤΟΥΣ ΑΓΙΟΣ ΔΗΜΗΤΡΙΟΣ	ΔΑΣΙΚΟΣ ΣΥΝΕΤΑΙΡΙΣΜΟΣ ΕΡΓΑΣΙΑΣ ΑΝΩ ΒΡΟΝΤΟΥΣ ΑΓΙΟΣ ΔΗΜΗΤΡΙΟΣ		
998977284	accepted	ΔΑ.Σ.Ε.ΑΝΩ ΒΡΟΝΤΟΥΣ <<ΑΓΙΟΣ ΔΗΜΗΤΡΙΟΣ>>	4				
999156732	accepted	"ΔΑ.Σ.Ε. ΚΡΑΝΙΑΣ ΓΡΕΒΕΝΩΝ ""Η ΤΟΥΡΓΙΑ"""	4	"ΔΑ.Σ.Ε. ΚΡΑΝΙΑΣ ΓΡΕΒΕΝΩΝ ""Η ΤΟΥΡΓΙΑ"""	"ΔΑ.Σ.Ε. ΚΡΑΝΙΑΣ ΓΡΕΒΕΝΩΝ ""Η ΤΟΥΡΓΙΑ"""		
999156732	accepted	ΔΑ.Σ.Ε ΚΡΑΝΙΑΣ ΓΡΕΒΕΝΩΝ Η ΤΟΥΡΓΙΑ	2				
999418712	accepted	ΔΑ.Σ.Ε. ΑΝΩ ΠΟΡΟΙΩΝ «ΠΕΛΕΚΑΝΟΣ»	1	ΔΑ.Σ.Ε. ΑΝΩ ΠΟΡΟΙΩΝ «ΠΕΛΕΚΑΝΟΣ»	ΔΑ.Σ.Ε. ΑΝΩ ΠΟΡΟΙΩΝ «ΠΕΛΕΚΑΝΟΣ»		
999419942	accepted	"ΔΑ.Σ.Ε. ΑΚΡΙΤΟΧΩΡΙΟΥ ""Η ΟΣΤΡΙΑ"""	6	ΔΑΣΙΚΟΣ ΣΥΝΕΤΑΙΡΙΣΜΟΣ ΕΡΓΑΣΙΑΣ ΑΚΡΙΤΟΧΩΡΙΟΥ Η ΟΣΤΡΙΑ	"ΔΑ.Σ.Ε. ΑΚΡΙΤΟΧΩΡΙΟΥ ""Η ΟΣΤΡΙΑ"""		
999419942	accepted	ΔΑΣΙΚΟΣ ΣΥΝΕΤΑΙΡΙΣΜΟΣ ΕΡΓΑΣΙΑΣ ΑΚΡΙΤΟΧΩΡΙΟΥ Η ΟΣΤΡΙΑ	1				
999420351	accepted	ΔΑ.Σ.Ε. ΑΓΚΙΣΤΡΟΥ	2	ΔΑΣΙΚΟΣ ΣΥΝΕΤΑΙΡΙΣΜΟΣ ΕΡΓΑΣΙΑΣ ΑΓΚΙΣΤΡΟΥ	ΔΑ.Σ.Ε. ΑΓΚΙΣΤΡΟΥ		
999420351	accepted	ΔΑΣΙΚΟΣ ΣΥΝΕΤΑΙΡΙΣΜΟΣ ΑΓΚΙΣΤΡΟΥ	1				
999420351	accepted	ΔΑΣΙΚΟΣ ΣΥΝΕΤΑΙΡΙΣΜΟΣ ΕΡΓΑΣΙΑΣ ΑΓΚΙΣΤΡΟΥ	1				
999425788	accepted	ΔΑ.Σ.Ε. ΕΛΑΤΟΧΩΡΙΟΥ Η ΟΞΙΑ	2	ΔΑΣΙΚΟΣ ΣΥΝΕΤΑΙΡΙΣΜΟΣ ΕΡΓΑΣΙΑΣ ΤΕΛΑΤΟΧΩΡΙΟΥ Η ΟΞΙΑ	ΔΑ.Σ.Ε. ΕΛΑΤΟΧΩΡΙΟΥ Η ΟΞΙΑ		
999425788	accepted	ΔΑΣΙΚΟΣ ΣΥΝΕΤΑΙΡΙΣΜΟΣ ΕΡΓΑΣΙΑΣ ΕΛΑΤΟΧΩΡΙΟΥ Η ΟΞΙΑ	1				
999425788	accepted	ΔΑΣΙΚΟΣ ΣΥΝΕΤΑΙΡΙΣΜΟΣ ΕΡΓΑΣΙΑΣ ΤΕΛΑΤΟΧΩΡΙΟΥ Η ΟΞΙΑ	1				
999520915	accepted	ΔΑΣΕ ΤΑΞΙΑΡΧΩΝ Η ΟΜΟΝΟΙΑ	7	"ΔΑ.Σ.Ε. ΤΑΞΙΑΡΧΩΝ ""Η ΟΜΟΝΟΙΑ"""	ΔΑΣΕ ΤΑΞΙΑΡΧΩΝ Η ΟΜΟΝΟΙΑ		
999520915	accepted	"ΔΑ.Σ.Ε. ΤΑΞΙΑΡΧΩΝ ""Η ΟΜΟΝΟΙΑ"""	1				
999522306	accepted	"ΔΑ.Σ.Ε. ΣΙΔΗΡΟΝΕΡΟΥ ""Η ΕΝΟΤΗΤΑ"""	1	"ΔΑ.Σ.Ε. ΣΙΔΗΡΟΝΕΡΟΥ ""Η ΕΝΟΤΗΤΑ"""	"ΔΑ.Σ.Ε. ΣΙΔΗΡΟΝΕΡΟΥ ""Η ΕΝΟΤΗΤΑ"""		
999522306	accepted	ΔΑΣΕ ΣΙΔΗΡΟΝΕΡΟΥ Η ΕΝΟΤΗΤΑ	1				
999669304	accepted	Δ.Α.Σ.Ε. ΤΟΠΙΚΗΣ ΚΟΙΝΟΤΗΤΑΣ ΠΟΛΥΠΟΤΑΜΟΥ ΔΗΜΟΥ ΦΛΩΡΙΝΑΣ  «ΟΙ ΞΥΛΟΚΟΠΟΙ»	2	Δ.Α.Σ.Ε. ΤΟΠΙΚΗΣ ΚΟΙΝΟΤΗΤΑΣ ΠΟΛΥΠΟΤΑΜΟΥ ΔΗΜΟΥ ΦΛΩΡΙΝΑΣ  «ΟΙ ΞΥΛΟΚΟΠΟΙ»	Δ.Α.Σ.Ε. ΤΟΠΙΚΗΣ ΚΟΙΝΟΤΗΤΑΣ ΠΟΛΥΠΟΤΑΜΟΥ ΔΗΜΟΥ ΦΛΩΡΙΝΑΣ  «ΟΙ ΞΥΛΟΚΟΠΟΙ»		
999669304	accepted	ΔΑ.Σ.Ε. Τοπικής Κοινοτήτας  Πολυποτάμου Δήμου Φλώρινας «ΟΙ ΞΥΛΟΚΟΠΟΙ»	1				
999669304	accepted	ΔΑ.Σ.Ε. Τοπικής Κοινότητας Πολυποτάμου Δήμου Φλώρινας «Οι Ξυλοκόποι»	1				
999729317	accepted	Β΄ΔΑΣΕ ΚΑΡΔΑΜΟΥ	2	Β' ΔΑΣΕ ΚΑΡΔΑΜΟΥ	Β΄ΔΑΣΕ ΚΑΡΔΑΜΟΥ		
999729317	accepted	Β' ΔΑΣΕ ΚΑΡΔΑΜΟΥ	1				
999729317	accepted	ΔΑΣΕ ΚΑΡΔΑΜΟΥ	1				
999745016	accepted	ΔΑΣΕ ΠΡΟΜΑΧΩΝ Ο ΝΕΟΣ ΔΑΣΙΚΟΣ ΑΛΜΩΠΙΑΣ Ν ΠΕΛΛΑΣ	2	ΔΑΣΕ ΠΡΟΜΑΧΩΝ Ο ΝΕΟΣ ΔΑΣΙΚΟΣ ΑΛΜΩΠΙΑΣ Ν. ΠΕΛΛΑΣ	ΔΑΣΕ ΠΡΟΜΑΧΩΝ Ο ΝΕΟΣ ΔΑΣΙΚΟΣ ΑΛΜΩΠΙΑΣ Ν ΠΕΛΛΑΣ		
999745016	accepted	ΔΑΣΕ ΠΡΟΜΑΧΩΝ Ο ΝΕΟΣ ΔΑΣΙΚΟΣ ΑΛΜΩΠΙΑΣ Ν. ΠΕΛΛΑΣ	1				
999748006	accepted	ΔΑΣΕ ΚΟΡΥΦΗΣ	1	ΔΑΣΕ ΚΟΡΥΦΗΣ	ΔΑΣΕ ΚΟΡΥΦΗΣ		
999886267	accepted	ΔΑΣΕ ΔΙΠΟΤΑΜΩΝ	10	ΔΑΣΙΚΟΣ ΣΥΝΕΤΑΙΡΙΣΜΟΣ ΕΡΓΑΣΙΑΣ ΔΙΠΟΤΑΜΩΝ	ΔΑΣΕ ΔΙΠΟΤΑΜΩΝ		
999886267	accepted	ΔΑ.Σ.Ε. ΔΙΠΟΤΑΜΩΝ	6				
999886267	accepted	ΔΑ.ΣΕ. ΔΙΠΟΤΑΜΩΝ	1				
999886267	accepted	ΔΑΣΙΚΟΣ ΣΥΝΕΤΑΙΡΙΣΜΟΣ ΕΡΓΑΣΙΑΣ ΔΙΠΟΤΑΜΩΝ	1				
999886519	accepted	ΔΑΣΕ ΣΙΛΛΗΣ Η ΠΡΑΣΙΝΑΔΑ	8	"ΔΑ.Σ.Ε. ΣΙΛΛΗΣ ""Η ΠΡΑΣΙΝΑΔΑ"""	ΔΑΣΕ ΣΙΛΛΗΣ Η ΠΡΑΣΙΝΑΔΑ		
999886519	accepted	"ΔΑ.Σ.Ε. ΣΙΛΛΗΣ ""Η ΠΡΑΣΙΝΑΔΑ"""	4				
999886519	accepted	ΔΑΣΕ ΣΙΛΛΗΣ ΠΡΑΣΙΝΑΔΑ	2				
999888341	accepted	ΔΑΣΕ ΣΙΔΗΡΟΝΕΡΟΥ Η ΟΜΟΝΟΙΑ	19	"ΔΑ.Σ.Ε. ΣΙΔΗΡΟΝΕΡΟΥ ""Η ΟΜΟΝΟΙΑ"""	ΔΑΣΕ ΣΙΔΗΡΟΝΕΡΟΥ Η ΟΜΟΝΟΙΑ		
999888341	accepted	"ΔΑ.Σ.Ε. ΣΙΔΗΡΟΝΕΡΟΥ ""Η ΟΜΟΝΟΙΑ"""	5				
043022759	REJECTED	ΓΙΟΛΔΑΣΕΑΣ ΗΛΙΑΣ ΠΕΤΡΟΣ		ΓΙΟΛΔΑΣΕΑΣ ΗΛΙΑΣ ΠΕΤΡΟΣ			no ΔΑΣΕ signal; reviewed 2026-07-26
043785580	REJECTED	ΠΑΛΗΓΙΑΝΝΗΣ ΓΕΩΡΓΙΟΣ		ΠΑΛΗΓΙΑΝΝΗΣ ΓΕΩΡΓΙΟΣ			no ΔΑΣΕ signal; reviewed 2026-07-26
044289372	REJECTED	ΚΑΤΣΙΑΝΤΩΝΗΣ ΧΡΗΣΤΟΣ		ΚΑΤΣΙΑΝΤΩΝΗΣ ΧΡΗΣΤΟΣ			no ΔΑΣΕ signal; reviewed 2026-07-26
062745470	REJECTED	Κοινωνική Συνεταιριστική Επιχείρηση Συλλογικής και Κοινωνικής Ωφέλειας «Οικονόμειος»		Κοινωνική Συνεταιριστική Επιχείρηση Συλλογικής και Κοινωνικής Ωφέλειας «Οικονόμειος»			review bucket 2026-07-26: cooperative but not a forest labour co-op (ΚΟΙΝΣΕΠ/ΚΟΙΣΠΕ/urban/builders)
094311510	REJECTED	ΧΑΤΖΗΓΑΚΗΣ ΤΕΧΝΙΚΗ ΑΕ		ΧΑΤΖΗΓΑΚΗΣ ΤΕΧΝΙΚΗ ΑΕ			no ΔΑΣΕ signal; reviewed 2026-07-26
095626995	REJECTED	ΣΥΝΕΤΑΙΡΙΣΤΙΚΗ ΕΛΑΙΟΧΡΩΜ ΜΟΝ. ΕΠΕΑΤΙΣΤΩΝ		ΣΥΝΕΤΑΙΡΙΣΤΙΚΗ ΕΛΑΙΟΧΡΩΜ ΜΟΝ. ΕΠΕΑΤΙΣΤΩΝ			review bucket 2026-07-26: cooperative but not a forest labour co-op (ΚΟΙΝΣΕΠ/ΚΟΙΣΠΕ/urban/builders)
096070520	REJECTED	ΠΡΟΜΗΘΕΥΤΙΚΟΣ ΚΑΤΑΝΑΛΩΤΙΚΟΣ-ΒΙΟΤΕΧΝΙΚΟΣ  ΣΥΝΕΤΑΙΡΙΣΜΟΣ ΕΠΙΠΛΟΞΥΛΟΥΡΓΩΝ		ΠΡΟΜΗΘΕΥΤΙΚΟΣ ΚΑΤΑΝΑΛΩΤΙΚΟΣ-ΒΙΟΤΕΧΝΙΚΟΣ  ΣΥΝΕΤΑΙΡΙΣΜΟΣ ΕΠΙΠΛΟΞΥΛΟΥΡΓΩΝ			review bucket 2026-07-26: cooperative but not a forest labour co-op (ΚΟΙΝΣΕΠ/ΚΟΙΣΠΕ/urban/builders)
096092708	REJECTED	ΠΡΟΜΗΘΕΥΤΙΚΟΣ ΜΕΤΑΠΟΙΗΤΙΚΟΣ ΚΑΙ ΚΑΤΑΝΑΛΩΤΙΚΟΣ ΣΥΝΕΤΑΙΡΙΣΜΟΣ ΕΡΓΟΛΑΒΩΝ ΟΙΚΟΔΟΜΩΝ Ν ΧΑΝΙΩΝ		ΠΡΟΜΗΘΕΥΤΙΚΟΣ ΜΕΤΑΠΟΙΗΤΙΚΟΣ ΚΑΙ ΚΑΤΑΝΑΛΩΤΙΚΟΣ ΣΥΝΕΤΑΙΡΙΣΜΟΣ ΕΡΓΟΛΑΒΩΝ ΟΙΚΟΔΟΜΩΝ Ν ΧΑΝΙΩΝ			review bucket 2026-07-26: cooperative but not a forest labour co-op (ΚΟΙΝΣΕΠ/ΚΟΙΣΠΕ/urban/builders)
0997436470	REJECTED	ΚΟΙΝΩΝΙΚΗ ΣΥΝΕΤΑΙΡΙΣΤΙΚΗ ΕΠΙΧΕΙΡΗΣΗ ΣΥΛΛΟΓΙΚΗΣ ΚΑΙ ΚΟΙΝΩΝΙΚΗΣ  ΩΦΕΛΕΙΑΣ ΔΙΑΧΕΙΡΙΣΗΣ ΠΡΑΣΙΝΟΥ		ΚΟΙΝΩΝΙΚΗ ΣΥΝΕΤΑΙΡΙΣΤΙΚΗ ΕΠΙΧΕΙΡΗΣΗ ΣΥΛΛΟΓΙΚΗΣ ΚΑΙ ΚΟΙΝΩΝΙΚΗΣ  ΩΦΕΛΕΙΑΣ ΔΙΑΧΕΙΡΙΣΗΣ ΠΡΑΣΙΝΟΥ			review bucket 2026-07-26: cooperative but not a forest labour co-op (ΚΟΙΝΣΕΠ/ΚΟΙΣΠΕ/urban/builders)
112243030	REJECTED	ΚΟΝΤΟΣ ΙΩΑΝΝΗΣ		ΚΟΝΤΟΣ ΙΩΑΝΝΗΣ			no ΔΑΣΕ signal; reviewed 2026-07-26
112249870	REJECTED	ΚΩΤΟΥΛΑΣ ΑΠΟΣΤΟΛΟΣ		ΚΩΤΟΥΛΑΣ ΑΠΟΣΤΟΛΟΣ			no ΔΑΣΕ signal; reviewed 2026-07-26
112362287	REJECTED	ΚΟΝΤΑΡΑΚΗΣ Σ. ΕΜΜΑΝΟΥΗΛ – ΚΕΝΤΡΟ ΔΙΑΣΚΕΔΑΣΕΩΣ – ΒΡΥΣΕΣ ΑΠΟΚΟΡΩΝΟΥ		ΚΟΝΤΑΡΑΚΗΣ Σ. ΕΜΜΑΝΟΥΗΛ – ΚΕΝΤΡΟ ΔΙΑΣΚΕΔΑΣΕΩΣ – ΒΡΥΣΕΣ ΑΠΟΚΟΡΩΝΟΥ			no ΔΑΣΕ signal; reviewed 2026-07-26
135096137	REJECTED	ΕΥΑΓΓΕΛΟΣ ΛΕΙΒΑΔΑΣΕ		ΕΥΑΓΓΕΛΟΣ ΛΕΙΒΑΔΑΣΕ			no ΔΑΣΕ signal; reviewed 2026-07-26
136720378	REJECTED	ΣΑΚΚΑΣ ΑΘΑΝΑΣΙΟΣ		ΣΑΚΚΑΣ ΑΘΑΝΑΣΙΟΣ			no ΔΑΣΕ signal; reviewed 2026-07-26
800999349	REJECTED	Κοινωνική Συνεταιριστική Επιχείρηση Συλλογικής και Κοινωνικής Ωφέλειας «Οικονόμειος»		Κοινωνική Συνεταιριστική Επιχείρηση Συλλογικής και Κοινωνικής Ωφέλειας «Οικονόμειος»			review bucket 2026-07-26: cooperative but not a forest labour co-op (ΚΟΙΝΣΕΠ/ΚΟΙΣΠΕ/urban/builders)
801284110	REJECTED	Αγροδασική Συνεργασία Ο.Ε.		Αγροδασική Συνεργασία Ο.Ε.			no ΔΑΣΕ signal; reviewed 2026-07-26
801814820	REJECTED	ΚΑΛΛΙΝΤΕΡΗΣ ΟΕ		ΚΑΛΛΙΝΤΕΡΗΣ ΟΕ			no ΔΑΣΕ signal; reviewed 2026-07-26
802331173	REJECTED	ΤΑΣΟΥΛΑΣ ΧΩΜΑΤΟΥΡΓΙΚΗ ΕΕ		ΤΑΣΟΥΛΑΣ ΧΩΜΑΤΟΥΡΓΙΚΗ ΕΕ			no ΔΑΣΕ signal; reviewed 2026-07-26
802433792	REJECTED	ΚΩΝ ΘΩΜΑΣ ΚΑΙ ΣΙΑ ΟΕ		ΚΩΝ ΘΩΜΑΣ ΚΑΙ ΣΙΑ ΟΕ			no ΔΑΣΕ signal; reviewed 2026-07-26
996775654	REJECTED	Κοινωνική Συνεταιριστική Επιχείρηση Συλλογικής και Κοινωνικής Ωφέλειας «Οικονόμειος»		Κοινωνική Συνεταιριστική Επιχείρηση Συλλογικής και Κοινωνικής Ωφέλειας «Οικονόμειος»			review bucket 2026-07-26: cooperative but not a forest labour co-op (ΚΟΙΝΣΕΠ/ΚΟΙΣΠΕ/urban/builders)
996830727	REJECTED	ΠΕΡΙΒΑΛΛΟΝΤΙΚΗ ΣΥΝΕΤΑΙΡΙΣΤΙΚΗ ΦΥΛΗΣ		ΠΕΡΙΒΑΛΛΟΝΤΙΚΗ ΣΥΝΕΤΑΙΡΙΣΤΙΚΗ ΦΥΛΗΣ			review bucket 2026-07-26: cooperative but not a forest labour co-op (ΚΟΙΝΣΕΠ/ΚΟΙΣΠΕ/urban/builders)
996852850	REJECTED	ΚΟΙΝΩΝΙΚΗ ΣΥΝΕΤΑΙΡΙΣΤΙΚΗ ΕΠΙΧΕΙΡΗΣΗ ΣΥΛΛΟΓΙΚΗΣ ΚΑΙ ΚΟΙΝΩΝΙΚΗΣ ΩΦΕΛΕΙΑΣ ΦΡΟΝΤΙΔΑ ΣΤΟ ΠΡΑΣΙΝΟ		ΚΟΙΝΩΝΙΚΗ ΣΥΝΕΤΑΙΡΙΣΤΙΚΗ ΕΠΙΧΕΙΡΗΣΗ ΣΥΛΛΟΓΙΚΗΣ ΚΑΙ ΚΟΙΝΩΝΙΚΗΣ ΩΦΕΛΕΙΑΣ ΦΡΟΝΤΙΔΑ ΣΤΟ ΠΡΑΣΙΝΟ			review bucket 2026-07-26: cooperative but not a forest labour co-op (ΚΟΙΝΣΕΠ/ΚΟΙΣΠΕ/urban/builders)
996893093	REJECTED	ΚΟΙΝΩΝΙΚΗ ΣΥΝΕΤΑΙΡΙΣΤΙΚΗ ΕΠΙΧΕΙΡΗΣΗ ΕΝΤΑΞΗΣ ΕΙΔΙΚΩΝ ΟΜΑΔΩΝ (ΠΡΑΣΙΝΟΤΕΧΝΙΚΗ ΧΑΛΑΝΔΡΙΟΥ)		ΚΟΙΝΩΝΙΚΗ ΣΥΝΕΤΑΙΡΙΣΤΙΚΗ ΕΠΙΧΕΙΡΗΣΗ ΕΝΤΑΞΗΣ ΕΙΔΙΚΩΝ ΟΜΑΔΩΝ (ΠΡΑΣΙΝΟΤΕΧΝΙΚΗ ΧΑΛΑΝΔΡΙΟΥ)			review bucket 2026-07-26: cooperative but not a forest labour co-op (ΚΟΙΝΣΕΠ/ΚΟΙΣΠΕ/urban/builders)
996957671	REJECTED	ΚΟΙΝΩΝΙΚΗ - ΣΥΝΕΤΑΙΡΙΣΤΙΚΗ ΕΠΙΧΕΙΡΗΣΗ ΣΥΛΛΟΓΙΚΗΣ ΚΑΙ ΚΟΙΝΩΝΙΚΗ ΩΦΕΛΕΙΑΣ ΕΝΟΤΗΤΑ ΑΓΙΑΣ ΚΟΙΝΣΕΠ		ΚΟΙΝΩΝΙΚΗ - ΣΥΝΕΤΑΙΡΙΣΤΙΚΗ ΕΠΙΧΕΙΡΗΣΗ ΣΥΛΛΟΓΙΚΗΣ ΚΑΙ ΚΟΙΝΩΝΙΚΗ ΩΦΕΛΕΙΑΣ ΕΝΟΤΗΤΑ ΑΓΙΑΣ ΚΟΙΝΣΕΠ			review bucket 2026-07-26: cooperative but not a forest labour co-op (ΚΟΙΝΣΕΠ/ΚΟΙΣΠΕ/urban/builders)
997044136	REJECTED	ΚΟΙΝΩΝΙΚΗ ΣΥΝΕΤΑΙΡΙΣΤΙΚΗ ΕΠΙΧΕΙΡΗΣΗ ΣΥΛΛΟΓΙΚΗΣ & ΚΟΙΝΩΝΙΚΗΣ ΩΦΕΛΕΙΑΣ ΟΙΚΟΣΟΦΙΑ		ΚΟΙΝΩΝΙΚΗ ΣΥΝΕΤΑΙΡΙΣΤΙΚΗ ΕΠΙΧΕΙΡΗΣΗ ΣΥΛΛΟΓΙΚΗΣ & ΚΟΙΝΩΝΙΚΗΣ ΩΦΕΛΕΙΑΣ ΟΙΚΟΣΟΦΙΑ			review bucket 2026-07-26: cooperative but not a forest labour co-op (ΚΟΙΝΣΕΠ/ΚΟΙΣΠΕ/urban/builders)
997055384	REJECTED	ΣΥΝΕΤΑΙΡΙΣΜΟΣ ΕΡΓΑΖΟΜΕΝΩΝ ΙΣΑΡΗ		ΣΥΝΕΤΑΙΡΙΣΜΟΣ ΕΡΓΑΖΟΜΕΝΩΝ ΙΣΑΡΗ			review bucket 2026-07-26: cooperative but not a forest labour co-op (ΚΟΙΝΣΕΠ/ΚΟΙΣΠΕ/urban/builders)
997087056	REJECTED	ΚΟΙΝΩΝΙΚΗ ΣΥΝΕΤΑΙΡΙΣΤΙΚΗ ΕΠΙΧΕΙΡΗΣΗ ΣΥΛΛΟΓΙΚΗΣ Κ ΚΟΙΝΩΝΙΚΗΣ ΩΦΕΛΕΙΑΣ ΚΑΣΙΟΣ		ΚΟΙΝΩΝΙΚΗ ΣΥΝΕΤΑΙΡΙΣΤΙΚΗ ΕΠΙΧΕΙΡΗΣΗ ΣΥΛΛΟΓΙΚΗΣ Κ ΚΟΙΝΩΝΙΚΗΣ ΩΦΕΛΕΙΑΣ ΚΑΣΙΟΣ			review bucket 2026-07-26: cooperative but not a forest labour co-op (ΚΟΙΝΣΕΠ/ΚΟΙΣΠΕ/urban/builders)
997146480	REJECTED	ΚΟΙΝΩΝΙΚΗΣ ΣΥΝΕΤΑΙΡΙΣΤΙΚΗΣ ΕΠΙΧΕΙΡΗΣΗΣ ΣΥΛΛΟΓΙΚΗΣ ΚΑΙ ΚΟΙΝΩΝΙΚΗΣ ΩΦΕΛΕΙΑΣ ΠΕΜΠΤΟΥΣΙΑ		ΚΟΙΝΩΝΙΚΗΣ ΣΥΝΕΤΑΙΡΙΣΤΙΚΗΣ ΕΠΙΧΕΙΡΗΣΗΣ ΣΥΛΛΟΓΙΚΗΣ ΚΑΙ ΚΟΙΝΩΝΙΚΗΣ ΩΦΕΛΕΙΑΣ ΠΕΜΠΤΟΥΣΙΑ			review bucket 2026-07-26: cooperative but not a forest labour co-op (ΚΟΙΝΣΕΠ/ΚΟΙΣΠΕ/urban/builders)
997200660	REJECTED	ΚΟΙΝΩΝΙΚΗ ΣΥΝΕΤΑΙΡΙΣΤΙΚΗ ΕΠΙΧΕΙΡΗΣΗ ΣΥΛΛΟΓΙΚΗΣ ΚΑΙ ΚΟΙΝΩΝΙΚΗΣ ΩΦΕΛΕΙΑΣ ΓΕΝΙΚΗ ΑΝΑΚΥΚΛΩΣΗΣ ΣΠΕΤΣΩΝ ΚΟΣΜΑΣ ΜΠΑΡΜΠΑΤΣΗΣ		ΚΟΙΝΩΝΙΚΗ ΣΥΝΕΤΑΙΡΙΣΤΙΚΗ ΕΠΙΧΕΙΡΗΣΗ ΣΥΛΛΟΓΙΚΗΣ ΚΑΙ ΚΟΙΝΩΝΙΚΗΣ ΩΦΕΛΕΙΑΣ ΓΕΝΙΚΗ ΑΝΑΚΥΚΛΩΣΗΣ ΣΠΕΤΣΩΝ ΚΟΣΜΑΣ ΜΠΑΡΜΠΑΤΣΗΣ			review bucket 2026-07-26: cooperative but not a forest labour co-op (ΚΟΙΝΣΕΠ/ΚΟΙΣΠΕ/urban/builders)
997218061	REJECTED	ΚΟΙΝΩΝΙΚΗ ΚΑΙ ΣΥΝΕΤΑΙΡΙΣΤΙΚΗ ΕΠΙΧΕΙΡΗΣΗ ΣΥΛΛΟΓΙΚΗΣ ΚΑΙ ΚΟΙΝΩΝΙΚΗΣ ΩΦΕΛΕΙΑΣ “Μονοπάτια της Ελλάδας”		ΚΟΙΝΩΝΙΚΗ ΚΑΙ ΣΥΝΕΤΑΙΡΙΣΤΙΚΗ ΕΠΙΧΕΙΡΗΣΗ ΣΥΛΛΟΓΙΚΗΣ ΚΑΙ ΚΟΙΝΩΝΙΚΗΣ ΩΦΕΛΕΙΑΣ “Μονοπάτια της Ελλάδας”			review bucket 2026-07-26: cooperative but not a forest labour co-op (ΚΟΙΝΣΕΠ/ΚΟΙΣΠΕ/urban/builders)
997342256	REJECTED	ΑΣΤΙΚΟ ΚΟΙΝΩΝΙΚΟ ΣΥΝΕΤΑΙΡΙΣΜΟ ΣΥΛΛΟΓΙΚΗΣ ΚΑΙ ΚΟΙΝΩΝΙΚΗΣ ΩΦΕΛΕΙΑΣ ΠΡΟΣΤΑΣΙΑΣ ΚΑΙ ΔΙΑΧΕΙΡΙΣΗΣ ΦΥΣΙΚΟΥ ΚΑΙ ΑΣΤΙΚΟΥ ΠΕΡΙΒΑΛΛΟΝΤΟΣ με τον διακριτικό τίτλο «ΑΣΤΙΚΟΣ ΣΥΝΕΤΑΙΡΙΣΜΟΣ ΑΝΑΠΝΟΗ		ΑΣΤΙΚΟ ΚΟΙΝΩΝΙΚΟ ΣΥΝΕΤΑΙΡΙΣΜΟ ΣΥΛΛΟΓΙΚΗΣ ΚΑΙ ΚΟΙΝΩΝΙΚΗΣ ΩΦΕΛΕΙΑΣ ΠΡΟΣΤΑΣΙΑΣ ΚΑΙ ΔΙΑΧΕΙΡΙΣΗΣ ΦΥΣΙΚΟΥ ΚΑΙ ΑΣΤΙΚΟΥ ΠΕΡΙΒΑΛΛΟΝΤΟΣ με τον διακριτικό τίτλο «ΑΣΤΙΚΟΣ ΣΥΝΕΤΑΙΡΙΣΜΟΣ ΑΝΑΠΝΟΗ			review bucket 2026-07-26: cooperative but not a forest labour co-op (ΚΟΙΝΣΕΠ/ΚΟΙΣΠΕ/urban/builders)
997342256 	REJECTED	ΑΣΤΙΚΟ ΚΟΙΝΩΝΙΚΟ ΣΥΝΕΤΑΙΡΙΣΜΟ ΣΥΛΛΟΓΙΚΗΣ ΚΑΙ ΚΟΙΝΩΝΙΚΗΣ ΩΦΕΛΕΙΑΣ ΠΡΟΣΤΑΣΙΑΣ ΚΑΙ ΔΙΑΧΕΙΡΙΣΗΣ ΦΥΣΙΚΟΥ ΚΑΙ ΑΣΤΙΚΟΥ ΠΕΡΙΒΑΛΛΟΝΤΟΣ με τον διακριτικό τίτλο «ΑΣΤΙΚΟΣ ΣΥΝΕΤΑΙΡΙΣΜΟΣ ΑΝΑΠΝΟΗ		ΑΣΤΙΚΟ ΚΟΙΝΩΝΙΚΟ ΣΥΝΕΤΑΙΡΙΣΜΟ ΣΥΛΛΟΓΙΚΗΣ ΚΑΙ ΚΟΙΝΩΝΙΚΗΣ ΩΦΕΛΕΙΑΣ ΠΡΟΣΤΑΣΙΑΣ ΚΑΙ ΔΙΑΧΕΙΡΙΣΗΣ ΦΥΣΙΚΟΥ ΚΑΙ ΑΣΤΙΚΟΥ ΠΕΡΙΒΑΛΛΟΝΤΟΣ με τον διακριτικό τίτλο «ΑΣΤΙΚΟΣ ΣΥΝΕΤΑΙΡΙΣΜΟΣ ΑΝΑΠΝΟΗ			review bucket 2026-07-26: cooperative but not a forest labour co-op (ΚΟΙΝΣΕΠ/ΚΟΙΣΠΕ/urban/builders); whitespace variant of 997342256
997359957	REJECTED	ΚΟΙΝΩΝΙΚΗ ΣΥΝΕΤΑΙΡΙΣΤΙΚΗ ΕΠΙΧΕΙΡΗΣΗ ΣΥΛΛΟΓΙΚΟΥ ΣΚΟΠΟΥ ΑΓΙΑΣ ΛΑΡΙΣΑΣ		ΚΟΙΝΩΝΙΚΗ ΣΥΝΕΤΑΙΡΙΣΤΙΚΗ ΕΠΙΧΕΙΡΗΣΗ ΣΥΛΛΟΓΙΚΟΥ ΣΚΟΠΟΥ ΑΓΙΑΣ ΛΑΡΙΣΑΣ			review bucket 2026-07-26: cooperative but not a forest labour co-op (ΚΟΙΝΣΕΠ/ΚΟΙΣΠΕ/urban/builders)
997374125	REJECTED	ΚΟΙΝΩΝΙΚΗ ΣΥΝΕΤΑΙΡΙΣΤΙΚΗ ΕΠΙΧΕΙΡΗΣΗ ΣΥΛΛΟΓΙΚΗΣ ΚΑΙ ΚΟΙΝΩΝΙΚΗΣ ΩΦΕΛΕΙΑΣ ΙΣΙΔΑ		ΚΟΙΝΩΝΙΚΗ ΣΥΝΕΤΑΙΡΙΣΤΙΚΗ ΕΠΙΧΕΙΡΗΣΗ ΣΥΛΛΟΓΙΚΗΣ ΚΑΙ ΚΟΙΝΩΝΙΚΗΣ ΩΦΕΛΕΙΑΣ ΙΣΙΔΑ			review bucket 2026-07-26: cooperative but not a forest labour co-op (ΚΟΙΝΣΕΠ/ΚΟΙΣΠΕ/urban/builders)
997426949	REJECTED	ΚΟΙΝΣΕΠ ΣΥΝΕΤΑΙΡΙΣΤΙΚΗ – ΒΕΛΟΥΧΙ		ΚΟΙΝΣΕΠ ΣΥΝΕΤΑΙΡΙΣΤΙΚΗ – ΒΕΛΟΥΧΙ			review bucket 2026-07-26: cooperative but not a forest labour co-op (ΚΟΙΝΣΕΠ/ΚΟΙΣΠΕ/urban/builders)
997436470	REJECTED	ΚΟΙΝΩΝΙΚΗ ΣΥΝΕΤΑΙΡΙΣΤΙΚΗ ΕΠΙΧΕΙΡΗΣΗ ΣΥΛΛΟΓΙΚΗΣ ΚΑΙ ΚΟΙΝΩΝΙΚΗΣ ΩΦΕΛΕΙΑΣ ΔΙΑΧΕΙΡΙΣΗΣ ΠΡΑΣΙΝΟΥ		ΚΟΙΝΩΝΙΚΗ ΣΥΝΕΤΑΙΡΙΣΤΙΚΗ ΕΠΙΧΕΙΡΗΣΗ ΣΥΛΛΟΓΙΚΗΣ ΚΑΙ ΚΟΙΝΩΝΙΚΗΣ ΩΦΕΛΕΙΑΣ ΔΙΑΧΕΙΡΙΣΗΣ ΠΡΑΣΙΝΟΥ			review bucket 2026-07-26: cooperative but not a forest labour co-op (ΚΟΙΝΣΕΠ/ΚΟΙΣΠΕ/urban/builders)
997443971	REJECTED	ΚΟΙΝΩΝΙΚΗ ΣΥΝΕΤΑΙΡΙΣΤΙΚΗ ΕΠΙΧΕΙΡΗΣΗΣ ΣΥΛΛΟΓΙΚΗΣ ΚΑΙ ΚΟΙΝΩΝΙΚΗΣ ΩΦΕΛΕΙΑΣ 5ΕΝΤΕ		ΚΟΙΝΩΝΙΚΗ ΣΥΝΕΤΑΙΡΙΣΤΙΚΗ ΕΠΙΧΕΙΡΗΣΗΣ ΣΥΛΛΟΓΙΚΗΣ ΚΑΙ ΚΟΙΝΩΝΙΚΗΣ ΩΦΕΛΕΙΑΣ 5ΕΝΤΕ			review bucket 2026-07-26: cooperative but not a forest labour co-op (ΚΟΙΝΣΕΠ/ΚΟΙΣΠΕ/urban/builders)
997604027	REJECTED	Ελληνικός Γεωργικός Οργανισμός Δήμητρα – Ινστιτούτο Μεσογειακών και Δασικών Οικοσυστημάτων		Ελληνικός Γεωργικός Οργανισμός Δήμητρα – Ινστιτούτο Μεσογειακών και Δασικών Οικοσυστημάτων			no ΔΑΣΕ signal; reviewed 2026-07-26
997604027 	REJECTED	Ελληνικός Γεωργικός Οργανισμός Δήμητρα – Ινστιτούτο Μεσογειακών και Δασικών Οικοσυστημάτων		Ελληνικός Γεωργικός Οργανισμός Δήμητρα – Ινστιτούτο Μεσογειακών και Δασικών Οικοσυστημάτων			no ΔΑΣΕ signal; reviewed 2026-07-26; whitespace variant of 997604027
997829228	REJECTED	ΤΣΙΟΥΤΣΙΟΥΒΑΛΑΣ ΑΓΓΕΛΟΣ ΚΑΙ ΣΙΑ ΕΕ		ΤΣΙΟΥΤΣΙΟΥΒΑΛΑΣ ΑΓΓΕΛΟΣ ΚΑΙ ΣΙΑ ΕΕ			no ΔΑΣΕ signal; reviewed 2026-07-26
998811782	REJECTED	«NOVALIS M.E.Π.Ε.» Αναπτυξιακές, Περιβαλλοντικές, Δασικές, Γεωτεχνικές,  Αλιευτικές Μελέτες & Μελέτες Χαρτογραφίας, Γεωγραφικών Συστημάτων  Πληροφοριών		«NOVALIS M.E.Π.Ε.» Αναπτυξιακές, Περιβαλλοντικές, Δασικές, Γεωτεχνικές,  Αλιευτικές Μελέτες & Μελέτες Χαρτογραφίας, Γεωγραφικών Συστημάτων  Πληροφοριών			no ΔΑΣΕ signal; reviewed 2026-07-26
998842250	REJECTED	ΚΟΙΝΩΝΙΚΟΣ ΣΥΝΕΤΑΙΡΙΣΜΟΣ ΠΕΡΙΟΡΙΣΜΕΝΗΣ ΕΥΘΥΝΗΣ ΔΥΤΙΚΟΥ ΤΟΜΕΑ ΨΥΧΙΚΗΣ ΥΓΕΙΑΣ ΝΟΜΑΡΧΙΑΚΗΣ ΑΥΤΟΔΙΟΙΚΗΣΗΣ ΘΕΣΣΑΛΟΝΙΚΗΣ		ΚΟΙΝΩΝΙΚΟΣ ΣΥΝΕΤΑΙΡΙΣΜΟΣ ΠΕΡΙΟΡΙΣΜΕΝΗΣ ΕΥΘΥΝΗΣ ΔΥΤΙΚΟΥ ΤΟΜΕΑ ΨΥΧΙΚΗΣ ΥΓΕΙΑΣ ΝΟΜΑΡΧΙΑΚΗΣ ΑΥΤΟΔΙΟΙΚΗΣΗΣ ΘΕΣΣΑΛΟΝΙΚΗΣ			review bucket 2026-07-26: cooperative but not a forest labour co-op (ΚΟΙΝΣΕΠ/ΚΟΙΣΠΕ/urban/builders)
998926886	REJECTED	ΚΟΙΝΩΝΙΚΟΣ ΣΥΝΕΤΑΙΡΙΣΜΟΣ ΠΕΡΙΟΡΙΣΜΕΝΗΣ ΕΥΘΥΝΗΣ ΤΟΜΕΑ ΨΥΧΙΚΗΣ ΥΓΕΙΑΣ ΝΟΜΟΥ ΑΤΤΙΚΗΣ		ΚΟΙΝΩΝΙΚΟΣ ΣΥΝΕΤΑΙΡΙΣΜΟΣ ΠΕΡΙΟΡΙΣΜΕΝΗΣ ΕΥΘΥΝΗΣ ΤΟΜΕΑ ΨΥΧΙΚΗΣ ΥΓΕΙΑΣ ΝΟΜΟΥ ΑΤΤΙΚΗΣ			review bucket 2026-07-26: cooperative but not a forest labour co-op (ΚΟΙΝΣΕΠ/ΚΟΙΣΠΕ/urban/builders)
999021038	REJECTED	ΚΟΙΝΩΝΙΚΟΣ ΣΥΝΕΤΑΙΡΙΣΜΟΣ ΠΕΡΙΟΡΙΣΜΕΝΗΣ ΕΥΘΥΝΗΣ ΤΟΜΕΑ ΨΥΧΙΚΗΣ ΥΓΕΙΑΣ ΝΟΜΟΥ ΑΧΑΙΑΣ «ΦΑΡΟΣ»		ΚΟΙΝΩΝΙΚΟΣ ΣΥΝΕΤΑΙΡΙΣΜΟΣ ΠΕΡΙΟΡΙΣΜΕΝΗΣ ΕΥΘΥΝΗΣ ΤΟΜΕΑ ΨΥΧΙΚΗΣ ΥΓΕΙΑΣ ΝΟΜΟΥ ΑΧΑΙΑΣ «ΦΑΡΟΣ»			review bucket 2026-07-26: cooperative but not a forest labour co-op (ΚΟΙΝΣΕΠ/ΚΟΙΣΠΕ/urban/builders)
999030521	REJECTED	Α.ΑΡΑΒΙΔΗΣ – Ι. ΜΠΑΛΙΚΑΣ Ο.Ε		Α.ΑΡΑΒΙΔΗΣ – Ι. ΜΠΑΛΙΚΑΣ Ο.Ε			no ΔΑΣΕ signal; reviewed 2026-07-26
999760124	REJECTED	ΚΟΙΝΩΝΙΚΗ ΣΥΝΕΤΑΙΡΙΣΤΙΚΗ ΕΠΙΧΕΙΡΗΣΗ ΣΥΛΛΟΓΙΚΗΣ ΚΑΙ ΚΟΙΝΩΝΙΚΙΗΣ ΩΦΕΛΕΙΑΣ ΟΙΚΟΝΟΜΕΙΟΣ		ΚΟΙΝΩΝΙΚΗ ΣΥΝΕΤΑΙΡΙΣΤΙΚΗ ΕΠΙΧΕΙΡΗΣΗ ΣΥΛΛΟΓΙΚΗΣ ΚΑΙ ΚΟΙΝΩΝΙΚΙΗΣ ΩΦΕΛΕΙΑΣ ΟΙΚΟΝΟΜΕΙΟΣ			review bucket 2026-07-26: cooperative but not a forest labour co-op (ΚΟΙΝΣΕΠ/ΚΟΙΣΠΕ/urban/builders)
